"COUNTRY","COUNTRY_GRP","SEX","YEAR","VALUE"
"ALB","","ALL","1987","115"
"ALB","","ALL","1988","127.61"
"ALB","","ALL","1989","119.65"
"ALB","","ALL","1992","95.3"
"ALB","","ALL","1993","84.72"
"ALB","","ALL","1994","76.8"
"ALB","","ALL","1995","102.98"
"ALB","","ALL","1996","115.02"
"ALB","","ALL","1997","108.33"
"ALB","","ALL","1998","114.22"
"ALB","","ALL","1999","118.59"
"ALB","","ALL","2000","124.57"
"ALB","","ALL","2001","97.09"
"ALB","","ALL","2002","109.74"
"ALB","","ALL","2003","121.14"
"ALB","","ALL","2004","114.88"
"ALB","","ALL","2005","105.35"
"ALB","","ALL","2006","103"
"ALB","","ALL","2007","88.28"
"ALB","","ALL","2008","97.01"
"ALB","","ALL","2009","91.04"
"ARM","","ALL","1981","125.99"
"ARM","","ALL","1982","127.81"
"ARM","","ALL","1985","135.83"
"ARM","","ALL","1986","129.62"
"ARM","","ALL","1987","140.69"
"ARM","","ALL","1988","141.95"
"ARM","","ALL","1989","144.57"
"ARM","","ALL","1990","155.79"
"ARM","","ALL","1991","145.23"
"ARM","","ALL","1992","140.02"
"ARM","","ALL","1993","131.65"
"ARM","","ALL","1994","114.81"
"ARM","","ALL","1995","121.43"
"ARM","","ALL","1996","129.13"
"ARM","","ALL","1997","125.02"
"ARM","","ALL","1998","128.88"
"ARM","","ALL","1999","132.93"
"ARM","","ALL","2000","126.66"
"ARM","","ALL","2001","130.76"
"ARM","","ALL","2002","156.62"
"ARM","","ALL","2003","159.24"
"ARM","","ALL","2008","161.22"
"ARM","","ALL","2012","188.01"
"ARM","","ALL","2013","184.11"
"ARM","","ALL","2014","185.75"
"ARM","","ALL","2015","195.43"
"ARM","","ALL","2016","180.12"
"ARM","","ALL","2017","173.79"
"ARM","","ALL","2018","161.45"
"ARM","","ALL","2019","165.52"
"ARM","","ALL","2022","149.68"
"AUT","","ALL","1969","226.13"
"AUT","","ALL","1970","228.32"
"AUT","","ALL","1971","225.72"
"AUT","","ALL","1972","222.2"
"AUT","","ALL","1973","221.15"
"AUT","","ALL","1974","222.37"
"AUT","","ALL","1975","216.67"
"AUT","","ALL","1976","216.78"
"AUT","","ALL","1977","214.25"
"AUT","","ALL","1978","211.91"
"AUT","","ALL","1979","210.3"
"AUT","","ALL","1980","213.1"
"AUT","","ALL","1981","209.89"
"AUT","","ALL","1982","209.01"
"AUT","","ALL","1983","206"
"AUT","","ALL","1984","210.06"
"AUT","","ALL","1985","203.1"
"AUT","","ALL","1986","201.65"
"AUT","","ALL","1987","204.25"
"AUT","","ALL","1988","201.93"
"AUT","","ALL","1989","201.38"
"AUT","","ALL","1990","201.26"
"AUT","","ALL","1991","200.39"
"AUT","","ALL","1992","199.69"
"AUT","","ALL","1993","200.23"
"AUT","","ALL","1994","193.13"
"AUT","","ALL","1995","191.23"
"AUT","","ALL","1996","187.07"
"AUT","","ALL","1997","185.1"
"AUT","","ALL","1998","181"
"AUT","","ALL","1999","179.27"
"AUT","","ALL","2000","176.93"
"AUT","","ALL","2001","171.81"
"AUT","","ALL","2002","170.4"
"AUT","","ALL","2003","173.01"
"AUT","","ALL","2004","171.25"
"AUT","","ALL","2005","166.25"
"AUT","","ALL","2006","162.36"
"AUT","","ALL","2007","159.2"
"AUT","","ALL","2008","161.84"
"AUT","","ALL","2009","158.29"
"AUT","","ALL","2010","155.87"
"AUT","","ALL","2011","155"
"AUT","","ALL","2012","154.66"
"AUT","","ALL","2013","150.23"
"AUT","","ALL","2014","150.9"
"AUT","","ALL","2015","146.45"
"AUT","","ALL","2016","143.07"
"AUT","","ALL","2017","140.52"
"AUT","","ALL","2018","140.11"
"AUT","","ALL","2019","136.33"
"AUT","","ALL","2020","136.07"
"AUT","","ALL","2021","132.42"
"AZE","","ALL","1981","141.46"
"AZE","","ALL","1982","145.96"
"AZE","","ALL","1985","139.34"
"AZE","","ALL","1986","148.39"
"AZE","","ALL","1987","146.62"
"AZE","","ALL","1988","143.87"
"AZE","","ALL","1989","130.36"
"AZE","","ALL","1990","120.62"
"AZE","","ALL","1991","116.49"
"AZE","","ALL","1992","119.78"
"AZE","","ALL","1993","114.86"
"AZE","","ALL","1994","113.87"
"AZE","","ALL","1995","106.93"
"AZE","","ALL","1996","104.77"
"AZE","","ALL","1997","107.01"
"AZE","","ALL","1998","106.12"
"AZE","","ALL","1999","113.12"
"AZE","","ALL","2000","105.44"
"AZE","","ALL","2001","110.39"
"AZE","","ALL","2002","115.08"
"AZE","","ALL","2003","122.62"
"AZE","","ALL","2004","113.97"
"AZE","","ALL","2007","87.39"
"BEL","","ALL","1968","224.61"
"BEL","","ALL","1969","223.26"
"BEL","","ALL","1970","222.23"
"BEL","","ALL","1971","226.2"
"BEL","","ALL","1972","225.09"
"BEL","","ALL","1973","225.58"
"BEL","","ALL","1974","223.6"
"BEL","","ALL","1975","226.41"
"BEL","","ALL","1976","224.23"
"BEL","","ALL","1977","226.47"
"BEL","","ALL","1978","236.93"
"BEL","","ALL","1979","231.2"
"BEL","","ALL","1980","232.48"
"BEL","","ALL","1981","235.21"
"BEL","","ALL","1982","230.84"
"BEL","","ALL","1983","231.36"
"BEL","","ALL","1984","229.65"
"BEL","","ALL","1985","227.7"
"BEL","","ALL","1986","224.44"
"BEL","","ALL","1987","221.52"
"BEL","","ALL","1988","223.33"
"BEL","","ALL","1989","220.68"
"BEL","","ALL","1990","215.24"
"BEL","","ALL","1991","214.05"
"BEL","","ALL","1992","214.49"
"BEL","","ALL","1993","214.42"
"BEL","","ALL","1994","212.96"
"BEL","","ALL","1995","213.29"
"BEL","","ALL","1996","205.99"
"BEL","","ALL","1997","206.64"
"BEL","","ALL","1998","200.35"
"BEL","","ALL","1999","193.39"
"BEL","","ALL","2000","187.4"
"BEL","","ALL","2001","185.77"
"BEL","","ALL","2002","183.59"
"BEL","","ALL","2003","178"
"BEL","","ALL","2004","173.87"
"BEL","","ALL","2005","174.52"
"BEL","","ALL","2006","170.08"
"BEL","","ALL","2007","170.15"
"BEL","","ALL","2008","171.22"
"BEL","","ALL","2009","166.85"
"BEL","","ALL","2010","166.44"
"BEL","","ALL","2011","164.02"
"BEL","","ALL","2012","159"
"BEL","","ALL","2013","157.35"
"BEL","","ALL","2014","152.85"
"BEL","","ALL","2015","151.04"
"BEL","","ALL","2016","147.65"
"BEL","","ALL","2017","142.34"
"BEL","","ALL","2018","136.73"
"BEL","","ALL","2019","135.65"
"BEL","","ALL","2020","131.97"
"BGR","","ALL","1968","158.9"
"BGR","","ALL","1969","153.32"
"BGR","","ALL","1970","147.42"
"BGR","","ALL","1971","149.47"
"BGR","","ALL","1972","149.6"
"BGR","","ALL","1973","148.36"
"BGR","","ALL","1974","148.44"
"BGR","","ALL","1975","142.76"
"BGR","","ALL","1976","142.13"
"BGR","","ALL","1977","144.04"
"BGR","","ALL","1978","144.16"
"BGR","","ALL","1979","147.52"
"BGR","","ALL","1980","136.92"
"BGR","","ALL","1981","146.45"
"BGR","","ALL","1982","148.94"
"BGR","","ALL","1983","151.54"
"BGR","","ALL","1984","153.92"
"BGR","","ALL","1985","151.61"
"BGR","","ALL","1986","152.15"
"BGR","","ALL","1987","156.15"
"BGR","","ALL","1988","155.36"
"BGR","","ALL","1989","156.38"
"BGR","","ALL","1990","152.43"
"BGR","","ALL","1991","155.44"
"BGR","","ALL","1992","158.43"
"BGR","","ALL","1993","158.37"
"BGR","","ALL","1994","163.62"
"BGR","","ALL","1995","161.58"
"BGR","","ALL","1996","161.26"
"BGR","","ALL","1997","160.64"
"BGR","","ALL","1998","158.03"
"BGR","","ALL","1999","157.77"
"BGR","","ALL","2000","150.06"
"BGR","","ALL","2001","152.09"
"BGR","","ALL","2002","154.84"
"BGR","","ALL","2003","152.48"
"BGR","","ALL","2004","156.53"
"BGR","","ALL","2005","171"
"BGR","","ALL","2006","168.34"
"BGR","","ALL","2007","170.35"
"BGR","","ALL","2008","171.59"
"BGR","","ALL","2009","161.16"
"BGR","","ALL","2010","156.38"
"BGR","","ALL","2011","156.91"
"BGR","","ALL","2012","166.99"
"BGR","","ALL","2013","164.69"
"BGR","","ALL","2014","163.39"
"BGR","","ALL","2015","162.09"
"BGR","","ALL","2016","154.78"
"BGR","","ALL","2017","155"
"BGR","","ALL","2018","154.6"
"BGR","","ALL","2019","160.07"
"BGR","","ALL","2020","160.79"
"BGR","","ALL","2021","151.05"
"BIH","","ALL","1985","155.52"
"BIH","","ALL","1986","152.61"
"BIH","","ALL","1987","158.63"
"BIH","","ALL","1988","166.42"
"BIH","","ALL","1989","169.95"
"BIH","","ALL","1990","158.91"
"BIH","","ALL","1991","166.93"
"BIH","","ALL","2011","156.81"
"BIH","","ALL","2014","156.32"
"BIH","","ALL","2016","173.02"
"BIH","","ALL","2021","145.88"
"BIH","","ALL","2022","141.51"
"BLR","","ALL","1981","141.03"
"BLR","","ALL","1982","143.35"
"BLR","","ALL","1985","154.71"
"BLR","","ALL","1986","158.77"
"BLR","","ALL","1987","161.78"
"BLR","","ALL","1988","167.18"
"BLR","","ALL","1989","173.91"
"BLR","","ALL","1990","176.56"
"BLR","","ALL","1991","178.39"
"BLR","","ALL","1992","184.46"
"BLR","","ALL","1993","182.77"
"BLR","","ALL","1994","182.14"
"BLR","","ALL","1995","187.3"
"BLR","","ALL","1996","180.34"
"BLR","","ALL","1997","183.18"
"BLR","","ALL","1998","182.44"
"BLR","","ALL","1999","185.51"
"BLR","","ALL","2000","180.27"
"BLR","","ALL","2001","178.98"
"BLR","","ALL","2002","176.18"
"BLR","","ALL","2003","169.47"
"BLR","","ALL","2004","170.51"
"BLR","","ALL","2005","147.95"
"BLR","","ALL","2007","161.99"
"BLR","","ALL","2008","163.29"
"BLR","","ALL","2009","160.63"
"BLR","","ALL","2010","161.48"
"BLR","","ALL","2011","158.45"
"BLR","","ALL","2013","149.01"
"BLR","","ALL","2014","147.44"
"BLR","","ALL","2018","152.5"
"","CARINFONET","ALL","1981","151.5"
"","CARINFONET","ALL","1982","148.95"
"","CARINFONET","ALL","1985","153.6"
"","CARINFONET","ALL","1986","158.86"
"","CARINFONET","ALL","1987","159.95"
"","CARINFONET","ALL","1988","157.51"
"","CARINFONET","ALL","1989","156.33"
"","CARINFONET","ALL","1990","154.29"
"","CARINFONET","ALL","1991","153.33"
"","CARINFONET","ALL","1992","147.08"
"","CARINFONET","ALL","1993","142.22"
"","CARINFONET","ALL","1994","135.85"
"","CARINFONET","ALL","1995","129.2"
"","CARINFONET","ALL","1996","126.7"
"","CARINFONET","ALL","1997","121.14"
"","CARINFONET","ALL","1998","119.2"
"","CARINFONET","ALL","1999","117.45"
"","CARINFONET","ALL","2000","115.08"
"","CARINFONET","ALL","2001","111.03"
"","CARINFONET","ALL","2002","110.44"
"","CARINFONET","ALL","2003","108.52"
"","CARINFONET","ALL","2004","105.45"
"","CARINFONET","ALL","2005","105.05"
"","CARINFONET","ALL","2006","102.2"
"","CARINFONET","ALL","2007","100.57"
"","CARINFONET","ALL","2008","98.6"
"","CARINFONET","ALL","2009","98.37"
"","CARINFONET","ALL","2010","98.12"
"","CARINFONET","ALL","2011","95.94"
"","CARINFONET","ALL","2012","94.71"
"","CARINFONET","ALL","2013","93.07"
"","CARINFONET","ALL","2014","91.93"
"","CARINFONET","ALL","2015","92.43"
"","CARINFONET","ALL","2016","91.2"
"CHE","","ALL","1969","206.19"
"CHE","","ALL","1970","204.42"
"CHE","","ALL","1971","209.67"
"CHE","","ALL","1972","206.79"
"CHE","","ALL","1973","209.51"
"CHE","","ALL","1974","201.17"
"CHE","","ALL","1975","202.62"
"CHE","","ALL","1976","202.71"
"CHE","","ALL","1977","200.58"
"CHE","","ALL","1978","200.1"
"CHE","","ALL","1979","196.97"
"CHE","","ALL","1980","196.01"
"CHE","","ALL","1981","204.72"
"CHE","","ALL","1982","202.34"
"CHE","","ALL","1983","204.45"
"CHE","","ALL","1984","200.83"
"CHE","","ALL","1985","204.22"
"CHE","","ALL","1986","198.27"
"CHE","","ALL","1987","197.45"
"CHE","","ALL","1988","195.9"
"CHE","","ALL","1989","193.29"
"CHE","","ALL","1990","193.12"
"CHE","","ALL","1991","192.64"
"CHE","","ALL","1992","190.36"
"CHE","","ALL","1993","186.2"
"CHE","","ALL","1994","182.05"
"CHE","","ALL","1995","170.73"
"CHE","","ALL","1996","165.3"
"CHE","","ALL","1997","164.31"
"CHE","","ALL","1998","161.49"
"CHE","","ALL","1999","157.94"
"CHE","","ALL","2000","161.3"
"CHE","","ALL","2001","157.68"
"CHE","","ALL","2002","151.13"
"CHE","","ALL","2003","151.72"
"CHE","","ALL","2004","149.25"
"CHE","","ALL","2005","146.13"
"CHE","","ALL","2006","145.21"
"CHE","","ALL","2007","146.14"
"CHE","","ALL","2008","141.65"
"CHE","","ALL","2009","139.69"
"CHE","","ALL","2010","137.88"
"CHE","","ALL","2011","137.2"
"CHE","","ALL","2012","134.19"
"CHE","","ALL","2013","132.27"
"CHE","","ALL","2015","130.71"
"CHE","","ALL","2016","126.84"
"CHE","","ALL","2017","124.25"
"CHE","","ALL","2018","122.84"
"CHE","","ALL","2019","118.02"
"","CIS","ALL","1981","167.34"
"","CIS","ALL","1982","169.08"
"","CIS","ALL","1985","173.61"
"","CIS","ALL","1986","178.37"
"","CIS","ALL","1987","180.92"
"","CIS","ALL","1988","182.72"
"","CIS","ALL","1989","184.42"
"","CIS","ALL","1990","185.5"
"","CIS","ALL","1991","186.39"
"","CIS","ALL","1992","186.03"
"","CIS","ALL","1993","185.45"
"","CIS","ALL","1994","183.25"
"","CIS","ALL","1995","178.82"
"","CIS","ALL","1996","174.31"
"","CIS","ALL","1997","171.99"
"","CIS","ALL","1998","170.62"
"","CIS","ALL","1999","171.15"
"","CIS","ALL","2000","169.21"
"","CIS","ALL","2001","165.47"
"","CIS","ALL","2002","164.07"
"","CIS","ALL","2003","162.44"
"","CIS","ALL","2004","160.74"
"","CIS","ALL","2005","158.15"
"","CIS","ALL","2006","155.59"
"","CIS","ALL","2007","154.61"
"","CIS","ALL","2008","155.69"
"","CIS","ALL","2009","156.13"
"","CIS","ALL","2010","153.67"
"","CIS","ALL","2011","151.36"
"","CIS","ALL","2012","149.81"
"","CIS","ALL","2013","147.63"
"","CIS","ALL","2014","147.71"
"","CIS","ALL","2015","144.95"
"CYP","","ALL","2004","120.6"
"CYP","","ALL","2005","118.61"
"CYP","","ALL","2006","115.73"
"CYP","","ALL","2007","121.45"
"CYP","","ALL","2008","120.21"
"CYP","","ALL","2009","121.01"
"CYP","","ALL","2010","113.69"
"CYP","","ALL","2011","115.41"
"CYP","","ALL","2012","119.1"
"CYP","","ALL","2013","119.46"
"CYP","","ALL","2014","118.94"
"CYP","","ALL","2015","122.64"
"CYP","","ALL","2016","113.09"
"CYP","","ALL","2017","123.23"
"CYP","","ALL","2018","119.71"
"CYP","","ALL","2019","117.6"
"CYP","","ALL","2020","124.13"
"CYP","","ALL","2021","123.37"
"CZE","","ALL","1970","240.76"
"CZE","","ALL","1971","243.87"
"CZE","","ALL","1972","243.9"
"CZE","","ALL","1973","244.02"
"CZE","","ALL","1974","244.51"
"CZE","","ALL","1975","242.25"
"CZE","","ALL","1976","237.54"
"CZE","","ALL","1977","242.33"
"CZE","","ALL","1978","242.77"
"CZE","","ALL","1979","242.8"
"CZE","","ALL","1980","244.08"
"CZE","","ALL","1981","243.4"
"CZE","","ALL","1982","243.48"
"CZE","","ALL","1983","251.82"
"CZE","","ALL","1984","252.73"
"CZE","","ALL","1985","248.44"
"CZE","","ALL","1986","254.93"
"CZE","","ALL","1987","253.08"
"CZE","","ALL","1988","258.29"
"CZE","","ALL","1989","255.5"
"CZE","","ALL","1990","258.59"
"CZE","","ALL","1991","257.05"
"CZE","","ALL","1992","254.31"
"CZE","","ALL","1993","252.53"
"CZE","","ALL","1994","251.48"
"CZE","","ALL","1995","252.19"
"CZE","","ALL","1996","243.38"
"CZE","","ALL","1997","241.5"
"CZE","","ALL","1998","238.56"
"CZE","","ALL","1999","237.07"
"CZE","","ALL","2000","237.83"
"CZE","","ALL","2001","233.01"
"CZE","","ALL","2002","233.75"
"CZE","","ALL","2003","234.22"
"CZE","","ALL","2004","230.01"
"CZE","","ALL","2005","217.46"
"CZE","","ALL","2006","212.59"
"CZE","","ALL","2007","204.17"
"CZE","","ALL","2008","200.87"
"CZE","","ALL","2009","197.4"
"CZE","","ALL","2010","195.59"
"CZE","","ALL","2011","186.71"
"CZE","","ALL","2012","183.81"
"CZE","","ALL","2013","178.8"
"CZE","","ALL","2014","175.04"
"CZE","","ALL","2015","169.99"
"CZE","","ALL","2016","169.38"
"CZE","","ALL","2017","166.32"
"CZE","","ALL","2018","165.45"
"CZE","","ALL","2019","164.96"
"CZE","","ALL","2020","161.49"
"CZE","","ALL","2021","155.61"
"DEU","","ALL","1990","200.4"
"DEU","","ALL","1991","203.69"
"DEU","","ALL","1992","203.58"
"DEU","","ALL","1993","202.87"
"DEU","","ALL","1994","199.02"
"DEU","","ALL","1995","196.68"
"DEU","","ALL","1996","194.17"
"DEU","","ALL","1997","189.35"
"DEU","","ALL","1998","189.05"
"DEU","","ALL","1999","185.01"
"DEU","","ALL","2000","182.13"
"DEU","","ALL","2001","176.57"
"DEU","","ALL","2002","175.97"
"DEU","","ALL","2003","173.05"
"DEU","","ALL","2004","169.81"
"DEU","","ALL","2005","167.99"
"DEU","","ALL","2006","165"
"DEU","","ALL","2007","162.09"
"DEU","","ALL","2008","162.66"
"DEU","","ALL","2009","159.89"
"DEU","","ALL","2010","158.62"
"DEU","","ALL","2011","157.88"
"DEU","","ALL","2012","154.9"
"DEU","","ALL","2013","157.02"
"DEU","","ALL","2014","153.58"
"DEU","","ALL","2015","152.64"
"DEU","","ALL","2016","152.87"
"DEU","","ALL","2017","148.62"
"DEU","","ALL","2018","148.14"
"DEU","","ALL","2019","146.09"
"DEU","","ALL","2020","143.76"
"DNK","","ALL","1969","214.71"
"DNK","","ALL","1970","213.89"
"DNK","","ALL","1971","221.71"
"DNK","","ALL","1972","224.9"
"DNK","","ALL","1973","217.91"
"DNK","","ALL","1974","212.12"
"DNK","","ALL","1975","214.89"
"DNK","","ALL","1976","221.89"
"DNK","","ALL","1977","218.67"
"DNK","","ALL","1978","224.25"
"DNK","","ALL","1979","227.42"
"DNK","","ALL","1980","231.98"
"DNK","","ALL","1981","228.99"
"DNK","","ALL","1982","225.8"
"DNK","","ALL","1983","238.93"
"DNK","","ALL","1984","234.27"
"DNK","","ALL","1985","232.26"
"DNK","","ALL","1986","232.71"
"DNK","","ALL","1987","231.95"
"DNK","","ALL","1988","235.43"
"DNK","","ALL","1989","232.09"
"DNK","","ALL","1990","231.79"
"DNK","","ALL","1991","228.72"
"DNK","","ALL","1992","229.83"
"DNK","","ALL","1993","232.79"
"DNK","","ALL","1994","235.3"
"DNK","","ALL","1995","234.23"
"DNK","","ALL","1996","226.54"
"DNK","","ALL","1997","226.79"
"DNK","","ALL","1998","221.74"
"DNK","","ALL","1999","224.99"
"DNK","","ALL","2000","222.44"
"DNK","","ALL","2001","218.69"
"DNK","","ALL","2002","210.57"
"DNK","","ALL","2003","207.44"
"DNK","","ALL","2004","208.16"
"DNK","","ALL","2005","206.88"
"DNK","","ALL","2006","207.89"
"DNK","","ALL","2007","198.73"
"DNK","","ALL","2008","195.53"
"DNK","","ALL","2009","188.91"
"DNK","","ALL","2010","191.45"
"DNK","","ALL","2011","185.65"
"DNK","","ALL","2012","185.35"
"DNK","","ALL","2013","178.29"
"DNK","","ALL","2014","175.52"
"DNK","","ALL","2015","172.1"
"DNK","","ALL","2016","173.93"
"DNK","","ALL","2017","165.48"
"DNK","","ALL","2018","159.43"
"DNK","","ALL","2019","163.25"
"DNK","","ALL","2020","155.9"
"DNK","","ALL","2021","148.82"
"ESP","","ALL","1968","156.09"
"ESP","","ALL","1969","152.11"
"ESP","","ALL","1970","156.08"
"ESP","","ALL","1971","159.9"
"ESP","","ALL","1972","158.33"
"ESP","","ALL","1973","162.45"
"ESP","","ALL","1974","164.52"
"ESP","","ALL","1975","169.11"
"ESP","","ALL","1976","164.6"
"ESP","","ALL","1977","164.19"
"ESP","","ALL","1978","165.98"
"ESP","","ALL","1979","165.36"
"ESP","","ALL","1980","162.56"
"ESP","","ALL","1981","162.61"
"ESP","","ALL","1982","164.1"
"ESP","","ALL","1983","165.01"
"ESP","","ALL","1984","168.74"
"ESP","","ALL","1985","166.75"
"ESP","","ALL","1986","167.95"
"ESP","","ALL","1987","172.19"
"ESP","","ALL","1988","174.86"
"ESP","","ALL","1989","174.8"
"ESP","","ALL","1990","175.92"
"ESP","","ALL","1991","177.24"
"ESP","","ALL","1992","177.4"
"ESP","","ALL","1993","178.22"
"ESP","","ALL","1994","179.73"
"ESP","","ALL","1995","179.81"
"ESP","","ALL","1996","176.02"
"ESP","","ALL","1997","175.93"
"ESP","","ALL","1998","175.48"
"ESP","","ALL","1999","174.26"
"ESP","","ALL","2000","170.38"
"ESP","","ALL","2001","171.35"
"ESP","","ALL","2002","167.66"
"ESP","","ALL","2003","167.06"
"ESP","","ALL","2004","164.21"
"ESP","","ALL","2005","159.73"
"ESP","","ALL","2006","158.38"
"ESP","","ALL","2007","157.09"
"ESP","","ALL","2008","154.59"
"ESP","","ALL","2009","152.97"
"ESP","","ALL","2010","152.35"
"ESP","","ALL","2011","152.12"
"ESP","","ALL","2012","149.53"
"ESP","","ALL","2013","147.01"
"ESP","","ALL","2014","143.08"
"ESP","","ALL","2015","141.58"
"ESP","","ALL","2016","141.01"
"ESP","","ALL","2017","138.89"
"ESP","","ALL","2018","136.03"
"ESP","","ALL","2019","133.08"
"ESP","","ALL","2020","130.62"
"ESP","","ALL","2021","129.25"
"EST","","ALL","1981","185.11"
"EST","","ALL","1982","186.9"
"EST","","ALL","1985","192.51"
"EST","","ALL","1986","191.7"
"EST","","ALL","1987","190.29"
"EST","","ALL","1988","195.31"
"EST","","ALL","1989","201.34"
"EST","","ALL","1990","195.93"
"EST","","ALL","1991","215.12"
"EST","","ALL","1992","204.83"
"EST","","ALL","1993","211.37"
"EST","","ALL","1994","203.64"
"EST","","ALL","1995","203.41"
"EST","","ALL","1996","203.97"
"EST","","ALL","1997","206"
"EST","","ALL","1998","208.62"
"EST","","ALL","1999","196.89"
"EST","","ALL","2000","198.52"
"EST","","ALL","2001","193.54"
"EST","","ALL","2002","197.02"
"EST","","ALL","2003","191.14"
"EST","","ALL","2004","195"
"EST","","ALL","2005","193.96"
"EST","","ALL","2006","196.05"
"EST","","ALL","2007","190.18"
"EST","","ALL","2008","187.67"
"EST","","ALL","2009","184.71"
"EST","","ALL","2010","182.65"
"EST","","ALL","2011","183.84"
"EST","","ALL","2012","182.48"
"EST","","ALL","2013","178.88"
"EST","","ALL","2014","184.19"
"EST","","ALL","2015","181.54"
"EST","","ALL","2016","174.26"
"","EU_AFTER_MAY2004","ALL","1971","182.1"
"","EU_AFTER_MAY2004","ALL","1974","182.3"
"","EU_AFTER_MAY2004","ALL","1975","181.52"
"","EU_AFTER_MAY2004","ALL","1976","182.68"
"","EU_AFTER_MAY2004","ALL","1977","184.63"
"","EU_AFTER_MAY2004","ALL","1978","186.13"
"","EU_AFTER_MAY2004","ALL","1980","188.91"
"","EU_AFTER_MAY2004","ALL","1981","188.33"
"","EU_AFTER_MAY2004","ALL","1982","189.18"
"","EU_AFTER_MAY2004","ALL","1983","192.04"
"","EU_AFTER_MAY2004","ALL","1984","193.87"
"","EU_AFTER_MAY2004","ALL","1985","195.59"
"","EU_AFTER_MAY2004","ALL","1986","197.81"
"","EU_AFTER_MAY2004","ALL","1987","198.32"
"","EU_AFTER_MAY2004","ALL","1988","201.05"
"","EU_AFTER_MAY2004","ALL","1989","201.38"
"","EU_AFTER_MAY2004","ALL","1990","202.44"
"","EU_AFTER_MAY2004","ALL","1991","203.9"
"","EU_AFTER_MAY2004","ALL","1992","204.35"
"","EU_AFTER_MAY2004","ALL","1993","206.52"
"","EU_AFTER_MAY2004","ALL","1994","207.3"
"","EU_AFTER_MAY2004","ALL","1995","208.23"
"","EU_AFTER_MAY2004","ALL","1996","208.29"
"","EU_AFTER_MAY2004","ALL","1997","208.28"
"","EU_AFTER_MAY2004","ALL","1998","208.83"
"","EU_AFTER_MAY2004","ALL","1999","208.68"
"","EU_AFTER_MAY2004","ALL","2000","210.18"
"","EU_AFTER_MAY2004","ALL","2001","208.5"
"","EU_AFTER_MAY2004","ALL","2002","208.13"
"","EU_AFTER_MAY2004","ALL","2003","207.33"
"","EU_AFTER_MAY2004","ALL","2004","205.47"
"","EU_AFTER_MAY2004","ALL","2005","202.89"
"","EU_AFTER_MAY2004","ALL","2006","201.89"
"","EU_AFTER_MAY2004","ALL","2007","200.41"
"","EU_AFTER_MAY2004","ALL","2008","199.04"
"","EU_AFTER_MAY2004","ALL","2009","196.93"
"","EU_AFTER_MAY2004","ALL","2010","193.44"
"","EU_AFTER_MAY2004","ALL","2011","191.11"
"","EU_AFTER_MAY2004","ALL","2012","192.17"
"","EU_AFTER_MAY2004","ALL","2013","189.38"
"","EU_AFTER_MAY2004","ALL","2014","188.34"
"","EU_AFTER_MAY2004","ALL","2015","189.51"
"","EU_AFTER_MAY2004","ALL","2016","186.19"
"","EU_AFTER_MAY2004","ALL","2017","183.47"
"","EU_AFTER_MAY2004","ALL","2018","181.56"
"","EU_AFTER_MAY2004","ALL","2019","177.92"
"","EU_AFTER_MAY2004","ALL","2020","171.45"
"","EU_AFTER_MAY2004","ALL","2021","161.99"
"","EU_BEFORE_FEB2020","ALL","1969","194.53"
"","EU_BEFORE_FEB2020","ALL","1970","194.04"
"","EU_BEFORE_FEB2020","ALL","1971","195.56"
"","EU_BEFORE_FEB2020","ALL","1972","195.58"
"","EU_BEFORE_FEB2020","ALL","1973","196.59"
"","EU_BEFORE_FEB2020","ALL","1974","196.56"
"","EU_BEFORE_FEB2020","ALL","1975","196.73"
"","EU_BEFORE_FEB2020","ALL","1976","197.44"
"","EU_BEFORE_FEB2020","ALL","1977","196.89"
"","EU_BEFORE_FEB2020","ALL","1978","198.42"
"","EU_BEFORE_FEB2020","ALL","1979","198.4"
"","EU_BEFORE_FEB2020","ALL","1980","198.01"
"","EU_BEFORE_FEB2020","ALL","1981","196.95"
"","EU_BEFORE_FEB2020","ALL","1982","197.85"
"","EU_BEFORE_FEB2020","ALL","1983","199.52"
"","EU_BEFORE_FEB2020","ALL","1984","200.3"
"","EU_BEFORE_FEB2020","ALL","1985","200.4"
"","EU_BEFORE_FEB2020","ALL","1986","200.79"
"","EU_BEFORE_FEB2020","ALL","1987","201.57"
"","EU_BEFORE_FEB2020","ALL","1988","202.82"
"","EU_BEFORE_FEB2020","ALL","1989","201.8"
"","EU_BEFORE_FEB2020","ALL","1990","200.49"
"","EU_BEFORE_FEB2020","ALL","1991","201.05"
"","EU_BEFORE_FEB2020","ALL","1992","200.86"
"","EU_BEFORE_FEB2020","ALL","1993","200.57"
"","EU_BEFORE_FEB2020","ALL","1994","198.65"
"","EU_BEFORE_FEB2020","ALL","1995","196.83"
"","EU_BEFORE_FEB2020","ALL","1996","194.99"
"","EU_BEFORE_FEB2020","ALL","1997","192.59"
"","EU_BEFORE_FEB2020","ALL","1998","192.29"
"","EU_BEFORE_FEB2020","ALL","1999","190.03"
"","EU_BEFORE_FEB2020","ALL","2000","188.71"
"","EU_BEFORE_FEB2020","ALL","2001","186.69"
"","EU_BEFORE_FEB2020","ALL","2002","184.76"
"","EU_BEFORE_FEB2020","ALL","2003","182.88"
"","EU_BEFORE_FEB2020","ALL","2004","180.23"
"","EU_BEFORE_FEB2020","ALL","2005","177.81"
"","EU_BEFORE_FEB2020","ALL","2006","175.43"
"","EU_BEFORE_FEB2020","ALL","2007","173.46"
"","EU_BEFORE_FEB2020","ALL","2008","172.25"
"","EU_BEFORE_FEB2020","ALL","2009","170.02"
"","EU_BEFORE_FEB2020","ALL","2010","167.74"
"","EU_BEFORE_FEB2020","ALL","2011","166.23"
"","EU_BEFORE_FEB2020","ALL","2012","164.94"
"","EU_BEFORE_FEB2020","ALL","2013","162.43"
"","EU_BEFORE_FEB2020","ALL","2014","160.46"
"","EU_BEFORE_FEB2020","ALL","2015","159.59"
"","EU_BEFORE_FEB2020","ALL","2016","158.06"
"","EU_BEFORE_FEB2020","ALL","2017","155.05"
"","EU_BEFORE_FEB2020","ALL","2018","153.14"
"","EU_BEFORE_FEB2020","ALL","2019","151.02"
"","EU_BEFORE_FEB2020","ALL","2020","146.21"
"","EU_BEFORE_FEB2020","ALL","2021","145.04"
"","EU_BEFORE_MAY2004","ALL","1969","199.58"
"","EU_BEFORE_MAY2004","ALL","1970","197.75"
"","EU_BEFORE_MAY2004","ALL","1971","198.8"
"","EU_BEFORE_MAY2004","ALL","1972","198.96"
"","EU_BEFORE_MAY2004","ALL","1973","200.01"
"","EU_BEFORE_MAY2004","ALL","1974","200.01"
"","EU_BEFORE_MAY2004","ALL","1975","200.44"
"","EU_BEFORE_MAY2004","ALL","1976","201.03"
"","EU_BEFORE_MAY2004","ALL","1977","199.89"
"","EU_BEFORE_MAY2004","ALL","1978","201.45"
"","EU_BEFORE_MAY2004","ALL","1979","201.41"
"","EU_BEFORE_MAY2004","ALL","1980","200.45"
"","EU_BEFORE_MAY2004","ALL","1981","199.39"
"","EU_BEFORE_MAY2004","ALL","1982","200.31"
"","EU_BEFORE_MAY2004","ALL","1983","201.65"
"","EU_BEFORE_MAY2004","ALL","1984","202.13"
"","EU_BEFORE_MAY2004","ALL","1985","201.87"
"","EU_BEFORE_MAY2004","ALL","1986","201.71"
"","EU_BEFORE_MAY2004","ALL","1987","202.56"
"","EU_BEFORE_MAY2004","ALL","1988","203.37"
"","EU_BEFORE_MAY2004","ALL","1989","201.93"
"","EU_BEFORE_MAY2004","ALL","1990","199.89"
"","EU_BEFORE_MAY2004","ALL","1991","200.19"
"","EU_BEFORE_MAY2004","ALL","1992","199.81"
"","EU_BEFORE_MAY2004","ALL","1993","198.79"
"","EU_BEFORE_MAY2004","ALL","1994","196.06"
"","EU_BEFORE_MAY2004","ALL","1995","193.44"
"","EU_BEFORE_MAY2004","ALL","1996","191.07"
"","EU_BEFORE_MAY2004","ALL","1997","187.97"
"","EU_BEFORE_MAY2004","ALL","1998","187.44"
"","EU_BEFORE_MAY2004","ALL","1999","184.6"
"","EU_BEFORE_MAY2004","ALL","2000","182.53"
"","EU_BEFORE_MAY2004","ALL","2001","180.42"
"","EU_BEFORE_MAY2004","ALL","2002","178.14"
"","EU_BEFORE_MAY2004","ALL","2003","176.01"
"","EU_BEFORE_MAY2004","ALL","2004","173.14"
"","EU_BEFORE_MAY2004","ALL","2005","170.81"
"","EU_BEFORE_MAY2004","ALL","2006","168.12"
"","EU_BEFORE_MAY2004","ALL","2007","166.05"
"","EU_BEFORE_MAY2004","ALL","2008","164.92"
"","EU_BEFORE_MAY2004","ALL","2009","162.7"
"","EU_BEFORE_MAY2004","ALL","2010","160.79"
"","EU_BEFORE_MAY2004","ALL","2011","159.54"
"","EU_BEFORE_MAY2004","ALL","2012","157.76"
"","EU_BEFORE_MAY2004","ALL","2013","155.34"
"","EU_BEFORE_MAY2004","ALL","2014","153.17"
"","EU_BEFORE_MAY2004","ALL","2015","151.81"
"","EU_BEFORE_MAY2004","ALL","2016","150.8"
"","EU_BEFORE_MAY2004","ALL","2017","147.85"
"","EU_BEFORE_MAY2004","ALL","2018","145.96"
"","EU_BEFORE_MAY2004","ALL","2019","142.64"
"","EU_BEFORE_MAY2004","ALL","2020","140.62"
"","EU_MEMBERS","ALL","1969","188.79"
"","EU_MEMBERS","ALL","1970","187.69"
"","EU_MEMBERS","ALL","1971","190.11"
"","EU_MEMBERS","ALL","1972","190.64"
"","EU_MEMBERS","ALL","1973","191.65"
"","EU_MEMBERS","ALL","1974","191.47"
"","EU_MEMBERS","ALL","1975","191.6"
"","EU_MEMBERS","ALL","1976","192.14"
"","EU_MEMBERS","ALL","1977","192.18"
"","EU_MEMBERS","ALL","1978","193.51"
"","EU_MEMBERS","ALL","1979","193.71"
"","EU_MEMBERS","ALL","1980","193.92"
"","EU_MEMBERS","ALL","1981","193.59"
"","EU_MEMBERS","ALL","1982","194.5"
"","EU_MEMBERS","ALL","1983","195.97"
"","EU_MEMBERS","ALL","1984","196.62"
"","EU_MEMBERS","ALL","1985","196.61"
"","EU_MEMBERS","ALL","1986","197.6"
"","EU_MEMBERS","ALL","1987","198.12"
"","EU_MEMBERS","ALL","1988","199.14"
"","EU_MEMBERS","ALL","1989","198.23"
"","EU_MEMBERS","ALL","1990","197.69"
"","EU_MEMBERS","ALL","1991","198.55"
"","EU_MEMBERS","ALL","1992","198.46"
"","EU_MEMBERS","ALL","1993","198.81"
"","EU_MEMBERS","ALL","1994","197.04"
"","EU_MEMBERS","ALL","1995","195.4"
"","EU_MEMBERS","ALL","1996","193.81"
"","EU_MEMBERS","ALL","1997","191.74"
"","EU_MEMBERS","ALL","1998","191.52"
"","EU_MEMBERS","ALL","1999","189.56"
"","EU_MEMBERS","ALL","2000","187.89"
"","EU_MEMBERS","ALL","2001","185.89"
"","EU_MEMBERS","ALL","2002","183.92"
"","EU_MEMBERS","ALL","2003","182.27"
"","EU_MEMBERS","ALL","2004","179.82"
"","EU_MEMBERS","ALL","2005","177.4"
"","EU_MEMBERS","ALL","2006","174.89"
"","EU_MEMBERS","ALL","2007","172.84"
"","EU_MEMBERS","ALL","2008","171.73"
"","EU_MEMBERS","ALL","2009","169.67"
"","EU_MEMBERS","ALL","2010","167.36"
"","EU_MEMBERS","ALL","2011","165.8"
"","EU_MEMBERS","ALL","2012","164.37"
"","EU_MEMBERS","ALL","2013","161.94"
"","EU_MEMBERS","ALL","2014","159.97"
"","EU_MEMBERS","ALL","2015","159.22"
"","EU_MEMBERS","ALL","2016","157.59"
"","EU_MEMBERS","ALL","2017","154.71"
"","EU_MEMBERS","ALL","2018","152.26"
"","EU_MEMBERS","ALL","2019","149.79"
"","EU_MEMBERS","ALL","2020","148.1"
"","EU_MEMBERS","ALL","2021","146.16"
"FIN","","ALL","1969","207.75"
"FIN","","ALL","1970","202.67"
"FIN","","ALL","1971","205.57"
"FIN","","ALL","1972","198.6"
"FIN","","ALL","1973","198.22"
"FIN","","ALL","1974","197.72"
"FIN","","ALL","1975","192.4"
"FIN","","ALL","1976","196.51"
"FIN","","ALL","1977","192.63"
"FIN","","ALL","1978","193.59"
"FIN","","ALL","1979","194.68"
"FIN","","ALL","1980","189.12"
"FIN","","ALL","1981","188.93"
"FIN","","ALL","1982","184.01"
"FIN","","ALL","1983","186.66"
"FIN","","ALL","1984","184.24"
"FIN","","ALL","1985","181.98"
"FIN","","ALL","1986","178.52"
"FIN","","ALL","1987","175.89"
"FIN","","ALL","1988","174.93"
"FIN","","ALL","1989","174.54"
"FIN","","ALL","1990","172.4"
"FIN","","ALL","1991","166.59"
"FIN","","ALL","1992","169.16"
"FIN","","ALL","1993","169.02"
"FIN","","ALL","1994","160.84"
"FIN","","ALL","1995","162.97"
"FIN","","ALL","1996","160.06"
"FIN","","ALL","1997","159.06"
"FIN","","ALL","1998","157.52"
"FIN","","ALL","1999","154.32"
"FIN","","ALL","2000","151.89"
"FIN","","ALL","2001","149.61"
"FIN","","ALL","2002","145.92"
"FIN","","ALL","2003","146.29"
"FIN","","ALL","2004","143.81"
"FIN","","ALL","2005","142.65"
"FIN","","ALL","2006","140.5"
"FIN","","ALL","2007","138.27"
"FIN","","ALL","2008","136.96"
"FIN","","ALL","2009","134.77"
"FIN","","ALL","2010","138.55"
"FIN","","ALL","2011","135.19"
"FIN","","ALL","2012","134.03"
"FIN","","ALL","2013","133.11"
"FIN","","ALL","2014","129.39"
"FIN","","ALL","2016","130.16"
"FIN","","ALL","2017","128.27"
"FIN","","ALL","2018","125.58"
"FIN","","ALL","2019","125.78"
"FIN","","ALL","2020","124.18"
"FIN","","ALL","2021","123.28"
"FRA","","ALL","1968","203.46"
"FRA","","ALL","1969","196.39"
"FRA","","ALL","1970","192.58"
"FRA","","ALL","1971","196.56"
"FRA","","ALL","1972","199.95"
"FRA","","ALL","1973","199.74"
"FRA","","ALL","1974","203.34"
"FRA","","ALL","1975","202.7"
"FRA","","ALL","1976","205.2"
"FRA","","ALL","1977","203.32"
"FRA","","ALL","1978","204.74"
"FRA","","ALL","1979","205.01"
"FRA","","ALL","1980","204.45"
"FRA","","ALL","1981","205.84"
"FRA","","ALL","1982","204.97"
"FRA","","ALL","1983","205.47"
"FRA","","ALL","1984","206.44"
"FRA","","ALL","1985","205.34"
"FRA","","ALL","1986","210.4"
"FRA","","ALL","1987","205.9"
"FRA","","ALL","1988","205.38"
"FRA","","ALL","1989","204.65"
"FRA","","ALL","1990","201.18"
"FRA","","ALL","1991","200.4"
"FRA","","ALL","1992","200.12"
"FRA","","ALL","1993","199.38"
"FRA","","ALL","1994","194.3"
"FRA","","ALL","1995","193.04"
"FRA","","ALL","1996","191.88"
"FRA","","ALL","1997","187.78"
"FRA","","ALL","1998","191.78"
"FRA","","ALL","1999","189.92"
"FRA","","ALL","2000","186.68"
"FRA","","ALL","2001","185.02"
"FRA","","ALL","2002","183.94"
"FRA","","ALL","2003","181.35"
"FRA","","ALL","2004","177.07"
"FRA","","ALL","2005","176.28"
"FRA","","ALL","2006","171.72"
"FRA","","ALL","2007","168.5"
"FRA","","ALL","2008","166.81"
"FRA","","ALL","2009","165.57"
"FRA","","ALL","2010","162.03"
"FRA","","ALL","2011","158.63"
"FRA","","ALL","2012","156.31"
"FRA","","ALL","2013","152.39"
"FRA","","ALL","2014","152.71"
"FRA","","ALL","2017","147.85"
"FRA","","ALL","2018","143.91"
"GBR","","ALL","1968","215.66"
"GBR","","ALL","1969","217.11"
"GBR","","ALL","1970","216.89"
"GBR","","ALL","1971","215.59"
"GBR","","ALL","1972","216.9"
"GBR","","ALL","1973","217.42"
"GBR","","ALL","1974","218.64"
"GBR","","ALL","1975","217.38"
"GBR","","ALL","1976","221.11"
"GBR","","ALL","1977","218.79"
"GBR","","ALL","1978","220.69"
"GBR","","ALL","1979","221.42"
"GBR","","ALL","1980","220.34"
"GBR","","ALL","1981","216.45"
"GBR","","ALL","1982","216.72"
"GBR","","ALL","1983","219.03"
"GBR","","ALL","1984","225.12"
"GBR","","ALL","1985","224.67"
"GBR","","ALL","1986","222.15"
"GBR","","ALL","1987","222.35"
"GBR","","ALL","1988","223.43"
"GBR","","ALL","1989","222.84"
"GBR","","ALL","1990","220.17"
"GBR","","ALL","1991","218.46"
"GBR","","ALL","1992","217.42"
"GBR","","ALL","1993","212.49"
"GBR","","ALL","1994","209.44"
"GBR","","ALL","1995","206.34"
"GBR","","ALL","1996","202.69"
"GBR","","ALL","1997","197.9"
"GBR","","ALL","1998","197"
"GBR","","ALL","1999","192.63"
"GBR","","ALL","2000","193.79"
"GBR","","ALL","2001","191.65"
"GBR","","ALL","2002","190.06"
"GBR","","ALL","2003","186.52"
"GBR","","ALL","2004","183.2"
"GBR","","ALL","2005","180.74"
"GBR","","ALL","2006","179.33"
"GBR","","ALL","2007","177.9"
"GBR","","ALL","2008","175.95"
"GBR","","ALL","2009","172.5"
"GBR","","ALL","2010","170.44"
"GBR","","ALL","2011","169.3"
"GBR","","ALL","2012","168.93"
"GBR","","ALL","2013","165.8"
"GBR","","ALL","2014","163.79"
"GBR","","ALL","2015","162.03"
"GBR","","ALL","2016","161.19"
"GBR","","ALL","2017","157.68"
"GBR","","ALL","2018","159.42"
"GBR","","ALL","2019","152.66"
"GBR","","ALL","2020","150.95"
"GEO","","ALL","1981","109.16"
"GEO","","ALL","1982","110.45"
"GEO","","ALL","1985","112.17"
"GEO","","ALL","1986","115.2"
"GEO","","ALL","1987","114.85"
"GEO","","ALL","1988","114.92"
"GEO","","ALL","1989","111.17"
"GEO","","ALL","1990","110.36"
"GEO","","ALL","1991","107.26"
"GEO","","ALL","1992","92.91"
"GEO","","ALL","1994","77.94"
"GEO","","ALL","1995","75.22"
"GEO","","ALL","1996","77.49"
"GEO","","ALL","1997","84.11"
"GEO","","ALL","1998","95.9"
"GEO","","ALL","1999","95.25"
"GEO","","ALL","2000","96.61"
"GEO","","ALL","2001","92.94"
"GEO","","ALL","2004","118.76"
"GEO","","ALL","2005","95.75"
"GEO","","ALL","2006","100.36"
"GEO","","ALL","2007","92.17"
"GEO","","ALL","2009","102.83"
"GEO","","ALL","2010","55.97"
"GEO","","ALL","2011","84.71"
"GEO","","ALL","2012","92.38"
"GEO","","ALL","2013","88.31"
"GEO","","ALL","2014","122.69"
"GEO","","ALL","2015","133.07"
"GEO","","ALL","2016","146.29"
"GEO","","ALL","2017","150.57"
"GEO","","ALL","2018","153.54"
"GEO","","ALL","2019","162.58"
"GEO","","ALL","2020","166.22"
"GEO","","ALL","2021","156.36"
"GRC","","ALL","1968","142.73"
"GRC","","ALL","1969","145.08"
"GRC","","ALL","1970","136.18"
"GRC","","ALL","1971","138.91"
"GRC","","ALL","1972","143.03"
"GRC","","ALL","1973","143.39"
"GRC","","ALL","1974","148.88"
"GRC","","ALL","1975","151.61"
"GRC","","ALL","1976","159.69"
"GRC","","ALL","1977","158.86"
"GRC","","ALL","1978","159.86"
"GRC","","ALL","1979","162.24"
"GRC","","ALL","1980","156.36"
"GRC","","ALL","1981","157.68"
"GRC","","ALL","1982","158.74"
"GRC","","ALL","1983","160.48"
"GRC","","ALL","1984","158.78"
"GRC","","ALL","1985","161.13"
"GRC","","ALL","1986","159.6"
"GRC","","ALL","1987","160.37"
"GRC","","ALL","1988","160.66"
"GRC","","ALL","1989","160.32"
"GRC","","ALL","1990","158.85"
"GRC","","ALL","1991","159.87"
"GRC","","ALL","1992","160.77"
"GRC","","ALL","1993","162.03"
"GRC","","ALL","1994","162.94"
"GRC","","ALL","1995","163.74"
"GRC","","ALL","1996","163.58"
"GRC","","ALL","1997","162.31"
"GRC","","ALL","1998","158.78"
"GRC","","ALL","1999","163.52"
"GRC","","ALL","2000","163.34"
"GRC","","ALL","2001","164.75"
"GRC","","ALL","2002","160.91"
"GRC","","ALL","2003","160.53"
"GRC","","ALL","2004","162.01"
"GRC","","ALL","2005","160.49"
"GRC","","ALL","2006","154.66"
"GRC","","ALL","2007","158.13"
"GRC","","ALL","2008","157.18"
"GRC","","ALL","2009","153.53"
"GRC","","ALL","2010","149.04"
"GRC","","ALL","2011","147.28"
"GRC","","ALL","2012","152.68"
"GRC","","ALL","2014","153.46"
"GRC","","ALL","2015","152.99"
"GRC","","ALL","2016","152.52"
"GRC","","ALL","2017","150"
"GRC","","ALL","2018","148.25"
"GRC","","ALL","2019","147.34"
"GRC","","ALL","2020","146.94"
"HRV","","ALL","1985","197.08"
"HRV","","ALL","1986","192.99"
"HRV","","ALL","1987","199.1"
"HRV","","ALL","1988","207.1"
"HRV","","ALL","1989","210.79"
"HRV","","ALL","1990","212.77"
"HRV","","ALL","1991","204.99"
"HRV","","ALL","1992","200.05"
"HRV","","ALL","1993","204.86"
"HRV","","ALL","1994","203.84"
"HRV","","ALL","1995","200.88"
"HRV","","ALL","1996","219.75"
"HRV","","ALL","1997","227.01"
"HRV","","ALL","1998","239.6"
"HRV","","ALL","1999","240.07"
"HRV","","ALL","2000","248.94"
"HRV","","ALL","2001","212.98"
"HRV","","ALL","2002","213.25"
"HRV","","ALL","2003","214.27"
"HRV","","ALL","2004","208.97"
"HRV","","ALL","2005","212.58"
"HRV","","ALL","2006","210.19"
"HRV","","ALL","2007","208.15"
"HRV","","ALL","2008","211.76"
"HRV","","ALL","2009","210.89"
"HRV","","ALL","2010","210.82"
"HRV","","ALL","2011","212.24"
"HRV","","ALL","2012","209.81"
"HRV","","ALL","2013","209.53"
"HRV","","ALL","2014","208.31"
"HRV","","ALL","2015","207.45"
"HRV","","ALL","2016","205.79"
"HRV","","ALL","2017","200.05"
"HRV","","ALL","2019","192.05"
"HRV","","ALL","2020","186.65"
"HRV","","ALL","2021","190.72"
"HUN","","ALL","1969","212.89"
"HUN","","ALL","1970","215.46"
"HUN","","ALL","1971","221.86"
"HUN","","ALL","1972","221.15"
"HUN","","ALL","1973","223.45"
"HUN","","ALL","1974","230.97"
"HUN","","ALL","1975","231.22"
"HUN","","ALL","1976","230.9"
"HUN","","ALL","1977","231.74"
"HUN","","ALL","1978","239.64"
"HUN","","ALL","1979","238.34"
"HUN","","ALL","1980","239.92"
"HUN","","ALL","1981","241.51"
"HUN","","ALL","1982","244.4"
"HUN","","ALL","1983","245.81"
"HUN","","ALL","1984","246.44"
"HUN","","ALL","1985","244.68"
"HUN","","ALL","1986","253.44"
"HUN","","ALL","1987","256.12"
"HUN","","ALL","1988","255.14"
"HUN","","ALL","1989","259.62"
"HUN","","ALL","1990","266.68"
"HUN","","ALL","1991","270.2"
"HUN","","ALL","1992","277.04"
"HUN","","ALL","1993","275.48"
"HUN","","ALL","1994","276.78"
"HUN","","ALL","1995","276.19"
"HUN","","ALL","1996","277.98"
"HUN","","ALL","1997","277.15"
"HUN","","ALL","1998","275.87"
"HUN","","ALL","1999","284.54"
"HUN","","ALL","2000","278.74"
"HUN","","ALL","2001","265.59"
"HUN","","ALL","2002","262.26"
"HUN","","ALL","2003","263.81"
"HUN","","ALL","2004","260.77"
"HUN","","ALL","2005","237.44"
"HUN","","ALL","2006","239.89"
"HUN","","ALL","2007","240.89"
"HUN","","ALL","2008","241.73"
"HUN","","ALL","2009","243.16"
"HUN","","ALL","2010","238.86"
"HUN","","ALL","2011","238.66"
"HUN","","ALL","2012","238.68"
"HUN","","ALL","2013","232.62"
"HUN","","ALL","2014","229.86"
"HUN","","ALL","2015","229.58"
"HUN","","ALL","2016","225.57"
"HUN","","ALL","2017","222.43"
"HUN","","ALL","2018","218.89"
"HUN","","ALL","2019","212.37"
"IRL","","ALL","1968","193.5"
"IRL","","ALL","1969","202.82"
"IRL","","ALL","1970","201.62"
"IRL","","ALL","1971","204.25"
"IRL","","ALL","1972","204.51"
"IRL","","ALL","1973","205.32"
"IRL","","ALL","1974","213.9"
"IRL","","ALL","1975","215.96"
"IRL","","ALL","1976","215.34"
"IRL","","ALL","1977","209.21"
"IRL","","ALL","1978","211.67"
"IRL","","ALL","1979","207.91"
"IRL","","ALL","1980","210.04"
"IRL","","ALL","1981","206.56"
"IRL","","ALL","1982","209.71"
"IRL","","ALL","1983","214.19"
"IRL","","ALL","1984","213.92"
"IRL","","ALL","1985","214.06"
"IRL","","ALL","1986","219.33"
"IRL","","ALL","1987","218.25"
"IRL","","ALL","1988","223.67"
"IRL","","ALL","1989","225.1"
"IRL","","ALL","1990","216.65"
"IRL","","ALL","1991","218.78"
"IRL","","ALL","1992","222.68"
"IRL","","ALL","1993","220.01"
"IRL","","ALL","1994","215.64"
"IRL","","ALL","1995","214.91"
"IRL","","ALL","1996","208.09"
"IRL","","ALL","1997","209.04"
"IRL","","ALL","1998","204.73"
"IRL","","ALL","1999","203.86"
"IRL","","ALL","2000","204.37"
"IRL","","ALL","2001","198.64"
"IRL","","ALL","2002","191.57"
"IRL","","ALL","2003","190.42"
"IRL","","ALL","2004","190.55"
"IRL","","ALL","2005","183.72"
"IRL","","ALL","2006","187.07"
"IRL","","ALL","2007","180.69"
"IRL","","ALL","2008","183.04"
"IRL","","ALL","2009","181.99"
"IRL","","ALL","2011","177"
"IRL","","ALL","2012","170.43"
"IRL","","ALL","2013","169.49"
"IRL","","ALL","2015","162.31"
"IRL","","ALL","2018","153.85"
"ISL","","ALL","1971","181.32"
"ISL","","ALL","1972","188.9"
"ISL","","ALL","1973","169.88"
"ISL","","ALL","1974","184.89"
"ISL","","ALL","1975","187.03"
"ISL","","ALL","1976","165.91"
"ISL","","ALL","1977","180.31"
"ISL","","ALL","1978","161.68"
"ISL","","ALL","1979","165.88"
"ISL","","ALL","1980","166.28"
"ISL","","ALL","1981","179.37"
"ISL","","ALL","1982","194.58"
"ISL","","ALL","1983","188.11"
"ISL","","ALL","1984","181.58"
"ISL","","ALL","1985","183.87"
"ISL","","ALL","1986","168.49"
"ISL","","ALL","1987","196.59"
"ISL","","ALL","1988","195.79"
"ISL","","ALL","1989","191.55"
"ISL","","ALL","1990","197.01"
"ISL","","ALL","1991","188.86"
"ISL","","ALL","1992","179.9"
"ISL","","ALL","1993","182.25"
"ISL","","ALL","1994","175.85"
"ISL","","ALL","1995","184.91"
"ISL","","ALL","1996","204.7"
"ISL","","ALL","1997","201.4"
"ISL","","ALL","1998","180.44"
"ISL","","ALL","1999","186.83"
"ISL","","ALL","2000","175.28"
"ISL","","ALL","2001","165.65"
"ISL","","ALL","2002","167.76"
"ISL","","ALL","2003","159.99"
"ISL","","ALL","2004","160.47"
"ISL","","ALL","2005","159.71"
"ISL","","ALL","2006","154.16"
"ISL","","ALL","2007","165.7"
"ISL","","ALL","2008","159.27"
"ISL","","ALL","2009","155.88"
"ISL","","ALL","2010","154.75"
"ISL","","ALL","2011","156.64"
"ISL","","ALL","2012","149.21"
"ISL","","ALL","2013","145.87"
"ISL","","ALL","2014","152.99"
"ISL","","ALL","2015","141.84"
"ISL","","ALL","2016","156.21"
"ISL","","ALL","2017","133"
"ISL","","ALL","2018","128.29"
"ISL","","ALL","2019","132.66"
"ISL","","ALL","2020","128.63"
"ISL","","ALL","2021","124.14"
"ISR","","ALL","1970","183.62"
"ISR","","ALL","1971","185.17"
"ISR","","ALL","1972","178.82"
"ISR","","ALL","1973","179.04"
"ISR","","ALL","1974","191.4"
"ISR","","ALL","1975","172.72"
"ISR","","ALL","1976","177.43"
"ISR","","ALL","1977","178.99"
"ISR","","ALL","1978","181.32"
"ISR","","ALL","1979","185.27"
"ISR","","ALL","1980","175.33"
"ISR","","ALL","1981","166.13"
"ISR","","ALL","1982","163.46"
"ISR","","ALL","1983","166.05"
"ISR","","ALL","1984","164.38"
"ISR","","ALL","1985","159.35"
"ISR","","ALL","1986","162.2"
"ISR","","ALL","1987","161.92"
"ISR","","ALL","1988","161.58"
"ISR","","ALL","1989","158.07"
"ISR","","ALL","1990","162.36"
"ISR","","ALL","1991","163.69"
"ISR","","ALL","1992","161.33"
"ISR","","ALL","1993","170.7"
"ISR","","ALL","1994","175.13"
"ISR","","ALL","1995","175.65"
"ISR","","ALL","1996","172.81"
"ISR","","ALL","1997","166.13"
"ISR","","ALL","1998","172.39"
"ISR","","ALL","1999","162.53"
"ISR","","ALL","2000","162.93"
"ISR","","ALL","2001","161.97"
"ISR","","ALL","2002","161.94"
"ISR","","ALL","2003","160.48"
"ISR","","ALL","2004","152.03"
"ISR","","ALL","2005","153.14"
"ISR","","ALL","2006","149.86"
"ISR","","ALL","2007","149.37"
"ISR","","ALL","2008","147.39"
"ISR","","ALL","2009","139.93"
"ISR","","ALL","2010","142.51"
"ISR","","ALL","2011","135.79"
"ISR","","ALL","2012","137.9"
"ISR","","ALL","2013","134.81"
"ISR","","ALL","2014","133.51"
"ISR","","ALL","2015","131.84"
"ISR","","ALL","2016","127.19"
"ISR","","ALL","2017","124.46"
"ISR","","ALL","2018","123.66"
"ISR","","ALL","2019","123.05"
"ISR","","ALL","2020","118.94"
"ISR","","ALL","2021","118.31"
"ITA","","ALL","1968","186.53"
"ITA","","ALL","1969","191.82"
"ITA","","ALL","1970","188.45"
"ITA","","ALL","1971","192.19"
"ITA","","ALL","1972","194.15"
"ITA","","ALL","1973","197.29"
"ITA","","ALL","1974","191.3"
"ITA","","ALL","1975","191.63"
"ITA","","ALL","1976","193.44"
"ITA","","ALL","1977","194.34"
"ITA","","ALL","1978","195.39"
"ITA","","ALL","1979","197.76"
"ITA","","ALL","1980","198.44"
"ITA","","ALL","1981","197.71"
"ITA","","ALL","1982","204.4"
"ITA","","ALL","1983","208.47"
"ITA","","ALL","1984","205.89"
"ITA","","ALL","1985","206.7"
"ITA","","ALL","1986","205.58"
"ITA","","ALL","1987","208.82"
"ITA","","ALL","1988","209.06"
"ITA","","ALL","1989","204.95"
"ITA","","ALL","1990","204.05"
"ITA","","ALL","1991","204.44"
"ITA","","ALL","1992","202.93"
"ITA","","ALL","1993","201.71"
"ITA","","ALL","1994","200.77"
"ITA","","ALL","1995","191.55"
"ITA","","ALL","1996","190.47"
"ITA","","ALL","1997","187.6"
"ITA","","ALL","1998","186.18"
"ITA","","ALL","1999","181.58"
"ITA","","ALL","2000","180.27"
"ITA","","ALL","2001","180.47"
"ITA","","ALL","2002","175.33"
"ITA","","ALL","2003","173.93"
"ITA","","ALL","2004","171.45"
"ITA","","ALL","2005","167.62"
"ITA","","ALL","2006","164.86"
"ITA","","ALL","2007","163.72"
"ITA","","ALL","2008","161.15"
"ITA","","ALL","2009","159.94"
"ITA","","ALL","2010","156.77"
"ITA","","ALL","2011","156.95"
"ITA","","ALL","2012","155.57"
"ITA","","ALL","2013","150.58"
"ITA","","ALL","2014","147.95"
"ITA","","ALL","2015","146.47"
"ITA","","ALL","2016","144.07"
"ITA","","ALL","2017","141.91"
"ITA","","ALL","2018","141.06"
"ITA","","ALL","2019","136.33"
"ITA","","ALL","2020","134.84"
"KAZ","","ALL","1981","202.37"
"KAZ","","ALL","1982","195.25"
"KAZ","","ALL","1985","205.36"
"KAZ","","ALL","1986","209.39"
"KAZ","","ALL","1987","211.47"
"KAZ","","ALL","1988","212.77"
"KAZ","","ALL","1989","214.28"
"KAZ","","ALL","1990","215.2"
"KAZ","","ALL","1991","214.6"
"KAZ","","ALL","1992","210.47"
"KAZ","","ALL","1993","205.95"
"KAZ","","ALL","1994","204.67"
"KAZ","","ALL","1995","203.12"
"KAZ","","ALL","1996","201.09"
"KAZ","","ALL","1997","197.05"
"KAZ","","ALL","1998","198.59"
"KAZ","","ALL","1999","192.16"
"KAZ","","ALL","2000","190.59"
"KAZ","","ALL","2001","186.86"
"KAZ","","ALL","2002","182.8"
"KAZ","","ALL","2003","179.5"
"KAZ","","ALL","2004","173.6"
"KAZ","","ALL","2005","172.68"
"KAZ","","ALL","2006","165.53"
"KAZ","","ALL","2007","163.51"
"KAZ","","ALL","2008","159.89"
"KAZ","","ALL","2009","155.28"
"KAZ","","ALL","2010","155.75"
"KAZ","","ALL","2011","145.54"
"KAZ","","ALL","2012","146.02"
"KAZ","","ALL","2013","139.8"
"KAZ","","ALL","2014","128.32"
"KAZ","","ALL","2015","125.27"
"KAZ","","ALL","2016","118.46"
"KAZ","","ALL","2017","110.89"
"KAZ","","ALL","2018","105.21"
"KAZ","","ALL","2019","101.6"
"KAZ","","ALL","2020","99.63"
"KAZ","","ALL","2021","92.95"
"KGZ","","ALL","1981","126.41"
"KGZ","","ALL","1982","131.9"
"KGZ","","ALL","1985","135.76"
"KGZ","","ALL","1986","137.64"
"KGZ","","ALL","1987","138.05"
"KGZ","","ALL","1988","140.22"
"KGZ","","ALL","1989","136.32"
"KGZ","","ALL","1990","141.7"
"KGZ","","ALL","1991","142.7"
"KGZ","","ALL","1992","144.11"
"KGZ","","ALL","1993","126.42"
"KGZ","","ALL","1994","127.76"
"KGZ","","ALL","1995","119.97"
"KGZ","","ALL","1996","117.61"
"KGZ","","ALL","1997","117.08"
"KGZ","","ALL","1998","117.42"
"KGZ","","ALL","1999","117.33"
"KGZ","","ALL","2000","117.29"
"KGZ","","ALL","2001","113.3"
"KGZ","","ALL","2002","114.35"
"KGZ","","ALL","2003","116.54"
"KGZ","","ALL","2004","114.5"
"KGZ","","ALL","2005","113.88"
"KGZ","","ALL","2006","113.53"
"KGZ","","ALL","2007","107.81"
"KGZ","","ALL","2008","109.24"
"KGZ","","ALL","2009","117.38"
"KGZ","","ALL","2010","113.93"
"KGZ","","ALL","2011","116.2"
"KGZ","","ALL","2012","111.78"
"KGZ","","ALL","2013","115.52"
"KGZ","","ALL","2014","121.54"
"KGZ","","ALL","2015","120.35"
"KGZ","","ALL","2016","115.11"
"LTU","","ALL","1981","173.59"
"LTU","","ALL","1982","175.89"
"LTU","","ALL","1985","182.02"
"LTU","","ALL","1986","180.82"
"LTU","","ALL","1987","181.16"
"LTU","","ALL","1988","185.14"
"LTU","","ALL","1989","186.74"
"LTU","","ALL","1990","193.38"
"LTU","","ALL","1991","194.26"
"LTU","","ALL","1992","199.15"
"LTU","","ALL","1993","203.9"
"LTU","","ALL","1994","201.52"
"LTU","","ALL","1995","202.59"
"LTU","","ALL","1996","200.27"
"LTU","","ALL","1997","195.52"
"LTU","","ALL","1998","198"
"LTU","","ALL","1999","200.7"
"LTU","","ALL","2000","198.89"
"LTU","","ALL","2001","197.99"
"LTU","","ALL","2002","196.19"
"LTU","","ALL","2003","193.39"
"LTU","","ALL","2004","193.84"
"LTU","","ALL","2005","192.94"
"LTU","","ALL","2006","194.45"
"LTU","","ALL","2007","196.09"
"LTU","","ALL","2008","195.02"
"LTU","","ALL","2009","190.86"
"LTU","","ALL","2010","188.03"
"LTU","","ALL","2011","187.68"
"LTU","","ALL","2012","182.16"
"LTU","","ALL","2013","178.65"
"LTU","","ALL","2014","180.35"
"LTU","","ALL","2015","186.84"
"LTU","","ALL","2016","183.62"
"LTU","","ALL","2017","175.94"
"LTU","","ALL","2018","176.32"
"LTU","","ALL","2019","175.29"
"LTU","","ALL","2020","176.45"
"LTU","","ALL","2021","165.01"
"LTU","","ALL","2022","166.75"
"LUX","","ALL","1971","234.31"
"LUX","","ALL","1972","226.29"
"LUX","","ALL","1973","233.45"
"LUX","","ALL","1974","214.87"
"LUX","","ALL","1975","239.16"
"LUX","","ALL","1976","225.71"
"LUX","","ALL","1977","234.81"
"LUX","","ALL","1978","234.69"
"LUX","","ALL","1979","218.22"
"LUX","","ALL","1980","236.39"
"LUX","","ALL","1981","242.32"
"LUX","","ALL","1982","256.6"
"LUX","","ALL","1983","234.28"
"LUX","","ALL","1984","231.3"
"LUX","","ALL","1985","236.58"
"LUX","","ALL","1986","223.14"
"LUX","","ALL","1987","243.4"
"LUX","","ALL","1988","226.43"
"LUX","","ALL","1989","217.14"
"LUX","","ALL","1990","219.59"
"LUX","","ALL","1991","210.4"
"LUX","","ALL","1992","216.14"
"LUX","","ALL","1993","215.45"
"LUX","","ALL","1994","197.14"
"LUX","","ALL","1995","208.73"
"LUX","","ALL","1996","197.23"
"LUX","","ALL","1997","193.03"
"LUX","","ALL","1998","194.58"
"LUX","","ALL","1999","173.96"
"LUX","","ALL","2000","182.4"
"LUX","","ALL","2001","173.69"
"LUX","","ALL","2002","168.88"
"LUX","","ALL","2003","174.27"
"LUX","","ALL","2004","160.49"
"LUX","","ALL","2005","156.28"
"LUX","","ALL","2006","157.11"
"LUX","","ALL","2007","165.06"
"LUX","","ALL","2008","152.41"
"LUX","","ALL","2009","162.65"
"LUX","","ALL","2010","156.94"
"LUX","","ALL","2011","157.41"
"LUX","","ALL","2012","152.68"
"LUX","","ALL","2013","142.84"
"LUX","","ALL","2014","148.85"
"LUX","","ALL","2015","137.26"
"LUX","","ALL","2016","135.73"
"LUX","","ALL","2017","135.67"
"LUX","","ALL","2018","104.22"
"LUX","","ALL","2019","126.05"
"LUX","","ALL","2020","112.76"
"LUX","","ALL","2021","116.02"
"LUX","","ALL","2022","109.94"
"LVA","","ALL","1980","174.54"
"LVA","","ALL","1981","174.76"
"LVA","","ALL","1982","180.35"
"LVA","","ALL","1983","181.48"
"LVA","","ALL","1984","186.08"
"LVA","","ALL","1985","188.22"
"LVA","","ALL","1986","187.36"
"LVA","","ALL","1987","195.33"
"LVA","","ALL","1988","190.04"
"LVA","","ALL","1989","198.49"
"LVA","","ALL","1990","194.23"
"LVA","","ALL","1991","198.16"
"LVA","","ALL","1992","197.39"
"LVA","","ALL","1993","193.89"
"LVA","","ALL","1994","198.21"
"LVA","","ALL","1995","195.26"
"LVA","","ALL","1996","195.27"
"LVA","","ALL","1997","192.94"
"LVA","","ALL","1998","196.72"
"LVA","","ALL","1999","198.05"
"LVA","","ALL","2000","192.93"
"LVA","","ALL","2001","199.98"
"LVA","","ALL","2002","196.01"
"LVA","","ALL","2003","196.82"
"LVA","","ALL","2004","196.74"
"LVA","","ALL","2005","197.94"
"LVA","","ALL","2006","204.02"
"LVA","","ALL","2007","197.54"
"LVA","","ALL","2008","196.23"
"LVA","","ALL","2009","198.8"
"LVA","","ALL","2010","199.97"
"LVA","","ALL","2011","194.3"
"LVA","","ALL","2012","194.52"
"LVA","","ALL","2013","192.48"
"LVA","","ALL","2014","191.74"
"LVA","","ALL","2015","188.02"
"LVA","","ALL","2016","185.7"
"LVA","","ALL","2017","189.13"
"LVA","","ALL","2018","187.11"
"LVA","","ALL","2019","185.91"
"LVA","","ALL","2020","185.96"
"LVA","","ALL","2021","178.7"
"MDA","","ALL","1981","127.96"
"MDA","","ALL","1982","127.67"
"MDA","","ALL","1985","134.35"
"MDA","","ALL","1986","144.56"
"MDA","","ALL","1987","148.78"
"MDA","","ALL","1988","152.53"
"MDA","","ALL","1989","163.31"
"MDA","","ALL","1990","163.73"
"MDA","","ALL","1991","165.49"
"MDA","","ALL","1992","161.48"
"MDA","","ALL","1993","164.58"
"MDA","","ALL","1994","167.14"
"MDA","","ALL","1995","161.5"
"MDA","","ALL","1996","159.38"
"MDA","","ALL","1997","155.5"
"MDA","","ALL","1998","154.4"
"MDA","","ALL","1999","147.96"
"MDA","","ALL","2000","146.98"
"MDA","","ALL","2001","149.19"
"MDA","","ALL","2002","153.07"
"MDA","","ALL","2003","155.47"
"MDA","","ALL","2004","158.41"
"MDA","","ALL","2005","161.24"
"MDA","","ALL","2006","166.22"
"MDA","","ALL","2007","161.89"
"MDA","","ALL","2008","164.73"
"MDA","","ALL","2009","168.4"
"MDA","","ALL","2010","165.34"
"MDA","","ALL","2011","163.11"
"MDA","","ALL","2012","163.23"
"MDA","","ALL","2013","162.61"
"MDA","","ALL","2014","165.14"
"MDA","","ALL","2015","165.24"
"MDA","","ALL","2016","164.91"
"MDA","","ALL","2017","159.23"
"MDA","","ALL","2018","157.35"
"MKD","","ALL","1991","139.38"
"MKD","","ALL","1992","140.99"
"MKD","","ALL","1993","143.25"
"MKD","","ALL","1994","154.11"
"MKD","","ALL","1995","149.13"
"MKD","","ALL","1996","157.68"
"MKD","","ALL","1997","161.95"
"MKD","","ALL","1998","168.4"
"MKD","","ALL","1999","160.69"
"MKD","","ALL","2000","165.55"
"MKD","","ALL","2001","163.77"
"MKD","","ALL","2002","163.74"
"MKD","","ALL","2003","166.35"
"MKD","","ALL","2004","160.49"
"MKD","","ALL","2005","160.28"
"MKD","","ALL","2006","169.51"
"MKD","","ALL","2007","172.32"
"MKD","","ALL","2008","169.93"
"MKD","","ALL","2009","173.81"
"MKD","","ALL","2010","171.5"
"MKD","","ALL","2011","162.2"
"MKD","","ALL","2012","165.73"
"MKD","","ALL","2013","160.06"
"MKD","","ALL","2015","158.3"
"MKD","","ALL","2016","161.07"
"MKD","","ALL","2017","150.91"
"MKD","","ALL","2018","149.56"
"MKD","","ALL","2019","149.17"
"MKD","","ALL","2020","149.37"
"MKD","","ALL","2021","149.75"
"MLT","","ALL","1968","144.45"
"MLT","","ALL","1969","143.32"
"MLT","","ALL","1970","152.11"
"MLT","","ALL","1971","155.65"
"MLT","","ALL","1972","136.79"
"MLT","","ALL","1973","151.76"
"MLT","","ALL","1974","161.81"
"MLT","","ALL","1975","162.76"
"MLT","","ALL","1976","171.56"
"MLT","","ALL","1977","159.8"
"MLT","","ALL","1978","199.24"
"MLT","","ALL","1979","192.56"
"MLT","","ALL","1980","202.24"
"MLT","","ALL","1981","233.38"
"MLT","","ALL","1982","199.83"
"MLT","","ALL","1983","191.02"
"MLT","","ALL","1984","194"
"MLT","","ALL","1985","187.3"
"MLT","","ALL","1986","169.29"
"MLT","","ALL","1987","176.21"
"MLT","","ALL","1988","161.52"
"MLT","","ALL","1989","174.39"
"MLT","","ALL","1990","166.65"
"MLT","","ALL","1991","179.32"
"MLT","","ALL","1992","190.65"
"MLT","","ALL","1993","186.22"
"MLT","","ALL","1994","199.68"
"MLT","","ALL","1995","198.18"
"MLT","","ALL","1996","187.75"
"MLT","","ALL","1997","177.11"
"MLT","","ALL","1998","180.6"
"MLT","","ALL","1999","178.41"
"MLT","","ALL","2000","170.98"
"MLT","","ALL","2001","162.11"
"MLT","","ALL","2002","163.67"
"MLT","","ALL","2003","157.54"
"MLT","","ALL","2004","151.82"
"MLT","","ALL","2005","144.1"
"MLT","","ALL","2006","154.78"
"MLT","","ALL","2007","154.54"
"MLT","","ALL","2008","156.71"
"MLT","","ALL","2009","151.68"
"MLT","","ALL","2010","150.46"
"MLT","","ALL","2011","148.59"
"MLT","","ALL","2012","151.61"
"MLT","","ALL","2013","134.59"
"MLT","","ALL","2014","141"
"MLT","","ALL","2015","137.4"
"MLT","","ALL","2016","135.23"
"MLT","","ALL","2017","131.68"
"MNE","","ALL","2000","144.54"
"MNE","","ALL","2001","146.87"
"MNE","","ALL","2002","161.4"
"MNE","","ALL","2003","157.39"
"MNE","","ALL","2004","154.01"
"MNE","","ALL","2005","158.94"
"MNE","","ALL","2006","150.04"
"MNE","","ALL","2007","143.22"
"MNE","","ALL","2008","135.32"
"MNE","","ALL","2009","128.68"
"MNE","","ALL","2017","159.07"
"MNE","","ALL","2019","147.95"
"NLD","","ALL","1969","223.93"
"NLD","","ALL","1970","221.85"
"NLD","","ALL","1971","220.73"
"NLD","","ALL","1972","222"
"NLD","","ALL","1973","225.78"
"NLD","","ALL","1974","223.91"
"NLD","","ALL","1975","226.01"
"NLD","","ALL","1976","222.18"
"NLD","","ALL","1977","218.55"
"NLD","","ALL","1978","223.57"
"NLD","","ALL","1979","223"
"NLD","","ALL","1980","221.3"
"NLD","","ALL","1981","223.87"
"NLD","","ALL","1982","221.65"
"NLD","","ALL","1983","220.47"
"NLD","","ALL","1984","220.88"
"NLD","","ALL","1985","220.42"
"NLD","","ALL","1986","221.57"
"NLD","","ALL","1987","224.7"
"NLD","","ALL","1988","222.69"
"NLD","","ALL","1989","219.62"
"NLD","","ALL","1990","214.94"
"NLD","","ALL","1991","214.15"
"NLD","","ALL","1992","212.77"
"NLD","","ALL","1993","213.04"
"NLD","","ALL","1994","210.25"
"NLD","","ALL","1995","206.84"
"NLD","","ALL","1996","207.93"
"NLD","","ALL","1997","204.62"
"NLD","","ALL","1998","202.35"
"NLD","","ALL","1999","203.93"
"NLD","","ALL","2000","198.48"
"NLD","","ALL","2001","194.68"
"NLD","","ALL","2002","193.87"
"NLD","","ALL","2003","191.04"
"NLD","","ALL","2004","191.21"
"NLD","","ALL","2005","189.47"
"NLD","","ALL","2006","186.47"
"NLD","","ALL","2007","183.6"
"NLD","","ALL","2008","184.43"
"NLD","","ALL","2009","182.4"
"NLD","","ALL","2010","182.79"
"NLD","","ALL","2011","180.55"
"NLD","","ALL","2012","178.47"
"NLD","","ALL","2013","169.97"
"NLD","","ALL","2014","168.21"
"NLD","","ALL","2015","168.84"
"NLD","","ALL","2016","168.95"
"NLD","","ALL","2017","163.33"
"NLD","","ALL","2018","154.73"
"NLD","","ALL","2019","150"
"NLD","","ALL","2020","149.03"
"NLD","","ALL","2021","149.58"
"NLD","","ALL","2022","147.66"
"NOR","","ALL","1969","174.42"
"NOR","","ALL","1970","171.41"
"NOR","","ALL","1971","171.13"
"NOR","","ALL","1972","168.83"
"NOR","","ALL","1973","167.57"
"NOR","","ALL","1974","164.74"
"NOR","","ALL","1975","172.8"
"NOR","","ALL","1976","176.07"
"NOR","","ALL","1977","176.83"
"NOR","","ALL","1978","176.9"
"NOR","","ALL","1979","177.43"
"NOR","","ALL","1980","174.08"
"NOR","","ALL","1981","179.66"
"NOR","","ALL","1982","180.71"
"NOR","","ALL","1983","179.56"
"NOR","","ALL","1984","178.16"
"NOR","","ALL","1985","182.91"
"NOR","","ALL","1986","181.18"
"NOR","","ALL","1987","180.17"
"NOR","","ALL","1988","186.46"
"NOR","","ALL","1989","180.38"
"NOR","","ALL","1990","179.13"
"NOR","","ALL","1991","177.4"
"NOR","","ALL","1992","176.29"
"NOR","","ALL","1993","181.29"
"NOR","","ALL","1994","183.6"
"NOR","","ALL","1995","180.8"
"NOR","","ALL","1996","185.27"
"NOR","","ALL","1997","184.29"
"NOR","","ALL","1998","176.28"
"NOR","","ALL","1999","176.58"
"NOR","","ALL","2000","175.16"
"NOR","","ALL","2001","174.31"
"NOR","","ALL","2002","175.03"
"NOR","","ALL","2003","170.44"
"NOR","","ALL","2004","168.02"
"NOR","","ALL","2005","166.61"
"NOR","","ALL","2006","161.92"
"NOR","","ALL","2007","163.65"
"NOR","","ALL","2008","160.46"
"NOR","","ALL","2009","156.44"
"NOR","","ALL","2010","159.24"
"NOR","","ALL","2011","154.93"
"NOR","","ALL","2012","151.6"
"NOR","","ALL","2013","146.24"
"NOR","","ALL","2014","146.92"
"NOR","","ALL","2015","142.24"
"NOR","","ALL","2016","140.25"
"","NORDIC","ALL","1969","192.25"
"","NORDIC","ALL","1970","189.86"
"","NORDIC","ALL","1971","195.21"
"","NORDIC","ALL","1972","196.5"
"","NORDIC","ALL","1973","193.81"
"","NORDIC","ALL","1974","192.92"
"","NORDIC","ALL","1975","193.93"
"","NORDIC","ALL","1976","195.88"
"","NORDIC","ALL","1977","194.67"
"","NORDIC","ALL","1978","195.24"
"","NORDIC","ALL","1979","196.03"
"","NORDIC","ALL","1980","194.06"
"","NORDIC","ALL","1981","190.7"
"","NORDIC","ALL","1982","188.41"
"","NORDIC","ALL","1983","190.44"
"","NORDIC","ALL","1984","188.6"
"","NORDIC","ALL","1985","188.94"
"","NORDIC","ALL","1986","186.18"
"","NORDIC","ALL","1987","185.84"
"","NORDIC","ALL","1988","188.61"
"","NORDIC","ALL","1989","185.1"
"","NORDIC","ALL","1990","184.78"
"","NORDIC","ALL","1991","182.32"
"","NORDIC","ALL","1992","182.17"
"","NORDIC","ALL","1993","183.49"
"","NORDIC","ALL","1994","181.05"
"","NORDIC","ALL","1995","181.52"
"","NORDIC","ALL","1996","179.91"
"","NORDIC","ALL","1997","180.35"
"","NORDIC","ALL","1998","176.03"
"","NORDIC","ALL","1999","175.74"
"","NORDIC","ALL","2000","173.97"
"","NORDIC","ALL","2001","172.69"
"","NORDIC","ALL","2002","169.19"
"","NORDIC","ALL","2003","167.85"
"","NORDIC","ALL","2004","167.05"
"","NORDIC","ALL","2005","165.85"
"","NORDIC","ALL","2006","163.84"
"","NORDIC","ALL","2007","160.62"
"","NORDIC","ALL","2008","158.18"
"","NORDIC","ALL","2009","154.68"
"","NORDIC","ALL","2010","155.2"
"","NORDIC","ALL","2011","151.92"
"","NORDIC","ALL","2012","150.7"
"","NORDIC","ALL","2013","147.43"
"","NORDIC","ALL","2014","145.7"
"","NORDIC","ALL","2015","143.74"
"","NORDIC","ALL","2016","142.5"
"","NORDIC","ALL","2017","139.94"
"","NORDIC","ALL","2018","135.17"
"","NORDIC","ALL","2019","135.13"
"","NORDIC","ALL","2020","131.57"
"","NORDIC","ALL","2021","127.25"
"POL","","ALL","1969","175.78"
"POL","","ALL","1970","177.96"
"POL","","ALL","1971","181.18"
"POL","","ALL","1972","180.44"
"POL","","ALL","1973","182.13"
"POL","","ALL","1974","180.11"
"POL","","ALL","1975","180.59"
"POL","","ALL","1976","184.63"
"POL","","ALL","1977","184.79"
"POL","","ALL","1978","186.06"
"POL","","ALL","1979","186.35"
"POL","","ALL","1980","194.8"
"POL","","ALL","1981","196.36"
"POL","","ALL","1982","196.5"
"POL","","ALL","1983","201.3"
"POL","","ALL","1984","204.91"
"POL","","ALL","1985","206.13"
"POL","","ALL","1986","207.46"
"POL","","ALL","1987","209.47"
"POL","","ALL","1988","212.06"
"POL","","ALL","1989","210.95"
"POL","","ALL","1990","212.82"
"POL","","ALL","1991","213.78"
"POL","","ALL","1992","211.05"
"POL","","ALL","1993","214.1"
"POL","","ALL","1994","213.69"
"POL","","ALL","1995","215.41"
"POL","","ALL","1996","213.82"
"POL","","ALL","1999","212.22"
"POL","","ALL","2000","217.23"
"POL","","ALL","2001","217.84"
"POL","","ALL","2002","216.67"
"POL","","ALL","2003","214.73"
"POL","","ALL","2004","213.98"
"POL","","ALL","2005","211.51"
"POL","","ALL","2006","210.24"
"POL","","ALL","2007","208.72"
"POL","","ALL","2008","204.71"
"POL","","ALL","2009","201.75"
"POL","","ALL","2010","195.81"
"POL","","ALL","2011","191.29"
"POL","","ALL","2012","192.32"
"POL","","ALL","2013","187.56"
"POL","","ALL","2014","187.02"
"POL","","ALL","2015","191.53"
"POL","","ALL","2016","186.41"
"POL","","ALL","2017","182.58"
"POL","","ALL","2018","179.63"
"POL","","ALL","2019","177.25"
"POL","","ALL","2020","173.15"
"POL","","ALL","2021","161.88"
"PRT","","ALL","1971","153.81"
"PRT","","ALL","1972","150.94"
"PRT","","ALL","1973","154.98"
"PRT","","ALL","1974","151.17"
"PRT","","ALL","1975","146.11"
"PRT","","ALL","1976","151.48"
"PRT","","ALL","1977","151"
"PRT","","ALL","1978","155.23"
"PRT","","ALL","1979","157.95"
"PRT","","ALL","1980","161.46"
"PRT","","ALL","1981","150.64"
"PRT","","ALL","1982","152.69"
"PRT","","ALL","1983","151.23"
"PRT","","ALL","1984","158.14"
"PRT","","ALL","1985","159.97"
"PRT","","ALL","1986","158.72"
"PRT","","ALL","1987","160.77"
"PRT","","ALL","1988","161.56"
"PRT","","ALL","1989","161.06"
"PRT","","ALL","1990","163.97"
"PRT","","ALL","1991","161.36"
"PRT","","ALL","1992","163.09"
"PRT","","ALL","1993","165.8"
"PRT","","ALL","1994","162.23"
"PRT","","ALL","1995","164.8"
"PRT","","ALL","1996","164.67"
"PRT","","ALL","1997","163.04"
"PRT","","ALL","1998","162.09"
"PRT","","ALL","1999","159.63"
"PRT","","ALL","2000","160.26"
"PRT","","ALL","2001","160.43"
"PRT","","ALL","2002","160.27"
"PRT","","ALL","2003","160.32"
"PRT","","ALL","2004","154.63"
"PRT","","ALL","2007","153.57"
"PRT","","ALL","2008","154.07"
"PRT","","ALL","2009","154.29"
"PRT","","ALL","2010","154.3"
"PRT","","ALL","2011","154.35"
"PRT","","ALL","2012","152.66"
"PRT","","ALL","2013","151.23"
"PRT","","ALL","2014","150.41"
"PRT","","ALL","2015","150.48"
"PRT","","ALL","2016","151.65"
"PRT","","ALL","2017","151.21"
"PRT","","ALL","2018","149.81"
"ROU","","ALL","1969","150.58"
"ROU","","ALL","1970","145.96"
"ROU","","ALL","1971","147.81"
"ROU","","ALL","1972","147.62"
"ROU","","ALL","1973","147.65"
"ROU","","ALL","1974","146.27"
"ROU","","ALL","1975","145.78"
"ROU","","ALL","1976","146.55"
"ROU","","ALL","1977","150.92"
"ROU","","ALL","1978","150.28"
"ROU","","ALL","1980","149.44"
"ROU","","ALL","1981","142.32"
"ROU","","ALL","1982","142.75"
"ROU","","ALL","1983","142.32"
"ROU","","ALL","1984","141.73"
"ROU","","ALL","1985","147.97"
"ROU","","ALL","1986","149.73"
"ROU","","ALL","1987","146.42"
"ROU","","ALL","1988","149.97"
"ROU","","ALL","1989","148.52"
"ROU","","ALL","1990","147.88"
"ROU","","ALL","1991","149.27"
"ROU","","ALL","1992","154.27"
"ROU","","ALL","1993","158.96"
"ROU","","ALL","1994","160.76"
"ROU","","ALL","1995","162.55"
"ROU","","ALL","1996","165.77"
"ROU","","ALL","1997","167.1"
"ROU","","ALL","1998","166.6"
"ROU","","ALL","1999","166.27"
"ROU","","ALL","2000","170.84"
"ROU","","ALL","2001","175"
"ROU","","ALL","2002","177.63"
"ROU","","ALL","2003","177.87"
"ROU","","ALL","2004","176.95"
"ROU","","ALL","2005","179.54"
"ROU","","ALL","2006","179.8"
"ROU","","ALL","2007","178.31"
"ROU","","ALL","2008","179.78"
"ROU","","ALL","2009","181.42"
"ROU","","ALL","2010","180.1"
"ROU","","ALL","2011","181.01"
"ROU","","ALL","2012","183.13"
"ROU","","ALL","2013","183.97"
"ROU","","ALL","2014","184.66"
"ROU","","ALL","2015","185.39"
"ROU","","ALL","2016","186.09"
"ROU","","ALL","2017","184.2"
"ROU","","ALL","2018","182.07"
"ROU","","ALL","2019","174.88"
"RUS","","ALL","1980","181.01"
"RUS","","ALL","1981","181.92"
"RUS","","ALL","1982","184.48"
"RUS","","ALL","1983","187.16"
"RUS","","ALL","1984","187.52"
"RUS","","ALL","1985","188.24"
"RUS","","ALL","1986","192.51"
"RUS","","ALL","1987","194.8"
"RUS","","ALL","1988","197.34"
"RUS","","ALL","1989","199.39"
"RUS","","ALL","1990","201.51"
"RUS","","ALL","1991","202.58"
"RUS","","ALL","1992","204.31"
"RUS","","ALL","1993","206.8"
"RUS","","ALL","1994","205.53"
"RUS","","ALL","1995","200.82"
"RUS","","ALL","1996","195.71"
"RUS","","ALL","1997","194.35"
"RUS","","ALL","1998","193.03"
"RUS","","ALL","1999","194"
"RUS","","ALL","2000","192.96"
"RUS","","ALL","2001","188.94"
"RUS","","ALL","2002","186.71"
"RUS","","ALL","2003","185.29"
"RUS","","ALL","2004","184.37"
"RUS","","ALL","2005","182"
"RUS","","ALL","2006","179.51"
"RUS","","ALL","2007","179.16"
"RUS","","ALL","2008","178.65"
"RUS","","ALL","2009","180.2"
"RUS","","ALL","2010","175.98"
"RUS","","ALL","2011","173.41"
"RUS","","ALL","2012","169.9"
"RUS","","ALL","2013","168.71"
"RUS","","ALL","2014","169.08"
"RUS","","ALL","2015","165.98"
"RUS","","ALL","2019","155.28"
"","SEEHN","ALL","1985","149.22"
"","SEEHN","ALL","1986","151.2"
"","SEEHN","ALL","1987","148.95"
"","SEEHN","ALL","1988","152.31"
"","SEEHN","ALL","1989","152.25"
"","SEEHN","ALL","1990","150.07"
"","SEEHN","ALL","1991","151.4"
"","SEEHN","ALL","1992","153.11"
"","SEEHN","ALL","1993","155.85"
"","SEEHN","ALL","1994","158.08"
"","SEEHN","ALL","1995","159.52"
"","SEEHN","ALL","1996","161.49"
"","SEEHN","ALL","1997","160.64"
"","SEEHN","ALL","1998","164.36"
"","SEEHN","ALL","1999","162.76"
"","SEEHN","ALL","2000","164.38"
"","SEEHN","ALL","2001","164.66"
"","SEEHN","ALL","2002","167.52"
"","SEEHN","ALL","2003","168.06"
"","SEEHN","ALL","2004","167.14"
"","SEEHN","ALL","2005","170.42"
"","SEEHN","ALL","2006","170.55"
"","SEEHN","ALL","2007","169.16"
"","SEEHN","ALL","2008","170.07"
"","SEEHN","ALL","2009","168.58"
"","SEEHN","ALL","2010","171.62"
"","SEEHN","ALL","2011","169.62"
"","SEEHN","ALL","2012","172.09"
"","SEEHN","ALL","2013","170.82"
"","SEEHN","ALL","2014","170.8"
"","SEEHN","ALL","2015","171.03"
"","SEEHN","ALL","2016","170.15"
"","SEEHN","ALL","2017","167.37"
"","SEEHN","ALL","2018","165.51"
"","SEEHN","ALL","2019","162.77"
"","SEEHN","ALL","2021","146.56"
"","SMALL","ALL","1995","199.16"
"","SMALL","ALL","1996","194.99"
"","SMALL","ALL","1997","188.55"
"","SMALL","ALL","1998","185.09"
"","SMALL","ALL","1999","178.04"
"","SMALL","ALL","2000","165.27"
"","SMALL","ALL","2001","160.56"
"","SMALL","ALL","2002","165.23"
"","SMALL","ALL","2003","162.69"
"","SMALL","ALL","2004","146.47"
"","SMALL","ALL","2005","145.07"
"","SMALL","ALL","2006","142.47"
"","SMALL","ALL","2007","145.26"
"","SMALL","ALL","2008","140.17"
"","SMALL","ALL","2009","139.47"
"","SMALL","ALL","2010","136.66"
"","SMALL","ALL","2011","138.06"
"","SMALL","ALL","2012","138.75"
"","SMALL","ALL","2013","134.9"
"","SMALL","ALL","2014","138.71"
"","SMALL","ALL","2015","136.58"
"","SMALL","ALL","2016","135.58"
"","SMALL","ALL","2017","136.03"
"","SMALL","ALL","2019","129.5"
"SMR","","ALL","1995","209.18"
"SMR","","ALL","1996","162.15"
"SMR","","ALL","1997","146.91"
"SMR","","ALL","1998","143.86"
"SMR","","ALL","1999","147.34"
"SMR","","ALL","2000","176.55"
"SMR","","ALL","2005","207.02"
"SRB","","ALL","1998","184.73"
"SRB","","ALL","1999","185.32"
"SRB","","ALL","2000","189.13"
"SRB","","ALL","2001","187.61"
"SRB","","ALL","2002","191.74"
"SRB","","ALL","2003","193.22"
"SRB","","ALL","2004","195.98"
"SRB","","ALL","2005","199.34"
"SRB","","ALL","2006","202.7"
"SRB","","ALL","2007","203.11"
"SRB","","ALL","2008","203.61"
"SRB","","ALL","2009","206.58"
"SRB","","ALL","2010","206.82"
"SRB","","ALL","2011","200.28"
"SRB","","ALL","2012","201.28"
"SRB","","ALL","2013","198.01"
"SRB","","ALL","2014","198.54"
"SRB","","ALL","2015","198.02"
"SRB","","ALL","2016","198.39"
"SRB","","ALL","2017","195.74"
"SRB","","ALL","2018","195.13"
"SRB","","ALL","2019","191.87"
"SRB","","ALL","2020","186.29"
"SRB","","ALL","2021","180.27"
"SRB","","ALL","2022","174.21"
"SVK","","ALL","1971","190.88"
"SVK","","ALL","1972","191.34"
"SVK","","ALL","1973","188.16"
"SVK","","ALL","1974","195.02"
"SVK","","ALL","1975","196.15"
"SVK","","ALL","1976","194.14"
"SVK","","ALL","1977","201.76"
"SVK","","ALL","1978","200.33"
"SVK","","ALL","1979","198.25"
"SVK","","ALL","1980","197.66"
"SVK","","ALL","1981","198.46"
"SVK","","ALL","1982","199.85"
"SVK","","ALL","1983","198.71"
"SVK","","ALL","1984","200.73"
"SVK","","ALL","1985","205.42"
"SVK","","ALL","1986","212.8"
"SVK","","ALL","1987","205.64"
"SVK","","ALL","1988","214.32"
"SVK","","ALL","1989","221.12"
"SVK","","ALL","1990","219.53"
"SVK","","ALL","1991","222.95"
"SVK","","ALL","1992","212.66"
"SVK","","ALL","1993","211.77"
"SVK","","ALL","1994","219.66"
"SVK","","ALL","1995","222.89"
"SVK","","ALL","1996","222.31"
"SVK","","ALL","1997","221.81"
"SVK","","ALL","1998","238.4"
"SVK","","ALL","1999","229.86"
"SVK","","ALL","2000","226.2"
"SVK","","ALL","2001","225.29"
"SVK","","ALL","2002","214.19"
"SVK","","ALL","2003","212.94"
"SVK","","ALL","2004","209.14"
"SVK","","ALL","2005","209.61"
"SVK","","ALL","2006","203.12"
"SVK","","ALL","2007","203.95"
"SVK","","ALL","2008","201.24"
"SVK","","ALL","2009","196.71"
"SVK","","ALL","2010","196.72"
"SVK","","ALL","2012","199.87"
"SVK","","ALL","2013","203.95"
"SVK","","ALL","2014","201.77"
"SVK","","ALL","2016","194.63"
"SVK","","ALL","2017","191.61"
"SVK","","ALL","2018","191.34"
"SVK","","ALL","2019","181.06"
"SVK","","ALL","2020","182.35"
"SVK","","ALL","2021","167.43"
"SVN","","ALL","1985","211.77"
"SVN","","ALL","1986","205.04"
"SVN","","ALL","1987","206.86"
"SVN","","ALL","1988","209.53"
"SVN","","ALL","1989","206.3"
"SVN","","ALL","1990","207.41"
"SVN","","ALL","1991","216.06"
"SVN","","ALL","1992","216.94"
"SVN","","ALL","1993","222.61"
"SVN","","ALL","1994","211.35"
"SVN","","ALL","1995","215.8"
"SVN","","ALL","1996","212.72"
"SVN","","ALL","1997","218.54"
"SVN","","ALL","1998","211.32"
"SVN","","ALL","1999","210.08"
"SVN","","ALL","2000","204.21"
"SVN","","ALL","2001","204.08"
"SVN","","ALL","2002","204.85"
"SVN","","ALL","2003","203.66"
"SVN","","ALL","2004","198.81"
"SVN","","ALL","2005","196.96"
"SVN","","ALL","2006","197.96"
"SVN","","ALL","2007","202.45"
"SVN","","ALL","2008","201.56"
"SVN","","ALL","2009","198.42"
"SVN","","ALL","2010","195.99"
"SVN","","ALL","2011","189.99"
"SVN","","ALL","2012","185.94"
"SVN","","ALL","2013","188.42"
"SVN","","ALL","2014","177.6"
"SVN","","ALL","2015","185.06"
"SVN","","ALL","2016","181.64"
"SVN","","ALL","2017","181.09"
"SVN","","ALL","2018","183.54"
"SVN","","ALL","2019","168.7"
"SVN","","ALL","2020","169.55"
"SWE","","ALL","1969","178.09"
"SWE","","ALL","1970","176.68"
"SWE","","ALL","1971","185.08"
"SWE","","ALL","1972","191.5"
"SWE","","ALL","1973","189.89"
"SWE","","ALL","1974","192.26"
"SWE","","ALL","1975","192.4"
"SWE","","ALL","1976","189.98"
"SWE","","ALL","1977","190.18"
"SWE","","ALL","1978","188.2"
"SWE","","ALL","1979","187.4"
"SWE","","ALL","1980","184.1"
"SWE","","ALL","1981","173.92"
"SWE","","ALL","1982","171.6"
"SWE","","ALL","1983","168.32"
"SWE","","ALL","1984","168.54"
"SWE","","ALL","1985","169.63"
"SWE","","ALL","1986","165.22"
"SWE","","ALL","1987","166.05"
"SWE","","ALL","1988","169.03"
"SWE","","ALL","1989","165.03"
"SWE","","ALL","1990","166.2"
"SWE","","ALL","1991","165.95"
"SWE","","ALL","1992","164.29"
"SWE","","ALL","1993","163.68"
"SWE","","ALL","1994","159.5"
"SWE","","ALL","1995","161.29"
"SWE","","ALL","1996","160.25"
"SWE","","ALL","1997","162.36"
"SWE","","ALL","1998","159.17"
"SWE","","ALL","1999","157.9"
"SWE","","ALL","2000","157.05"
"SWE","","ALL","2001","157.85"
"SWE","","ALL","2002","154.92"
"SWE","","ALL","2003","155.52"
"SWE","","ALL","2004","155.59"
"SWE","","ALL","2005","154.52"
"SWE","","ALL","2006","152.33"
"SWE","","ALL","2007","149.06"
"SWE","","ALL","2008","146.96"
"SWE","","ALL","2009","144.83"
"SWE","","ALL","2010","141.19"
"SWE","","ALL","2011","139.85"
"SWE","","ALL","2012","139.42"
"SWE","","ALL","2013","138.2"
"SWE","","ALL","2014","136.64"
"SWE","","ALL","2015","135.92"
"SWE","","ALL","2016","131.93"
"SWE","","ALL","2017","131.95"
"SWE","","ALL","2018","126.81"
"SWE","","ALL","2019","124.33"
"SWE","","ALL","2020","121.93"
"SWE","","ALL","2021","117.36"
"SWE","","ALL","2022","115.66"
"TJK","","ALL","1981","108.78"
"TJK","","ALL","1982","107.83"
"TJK","","ALL","1985","117.28"
"TJK","","ALL","1986","116.22"
"TJK","","ALL","1987","118.66"
"TJK","","ALL","1988","117.13"
"TJK","","ALL","1989","120.55"
"TJK","","ALL","1990","114.26"
"TJK","","ALL","1991","111.45"
"TJK","","ALL","1992","100.48"
"TJK","","ALL","1993","96.6"
"TJK","","ALL","1994","81.83"
"TJK","","ALL","1995","65.92"
"TJK","","ALL","1996","64.76"
"TJK","","ALL","1997","67.51"
"TJK","","ALL","1998","67.2"
"TJK","","ALL","1999","76.8"
"TJK","","ALL","2000","66.89"
"TJK","","ALL","2001","69.57"
"TJK","","ALL","2002","82.37"
"TJK","","ALL","2003","77.58"
"TJK","","ALL","2004","75.61"
"TJK","","ALL","2005","72.75"
"TJK","","ALL","2017","67.86"
"TKM","","ALL","1981","178.2"
"TKM","","ALL","1982","159.55"
"TKM","","ALL","1985","162.57"
"TKM","","ALL","1986","164.78"
"TKM","","ALL","1987","158.94"
"TKM","","ALL","1988","159.8"
"TKM","","ALL","1989","151.84"
"TKM","","ALL","1990","145.03"
"TKM","","ALL","1991","144.56"
"TKM","","ALL","1992","139.43"
"TKM","","ALL","1993","143.89"
"TKM","","ALL","1994","131.58"
"TKM","","ALL","1995","112.35"
"TKM","","ALL","1996","114.07"
"TKM","","ALL","1997","104.8"
"TKM","","ALL","1998","97.78"
"TKM","","ALL","1999","98.06"
"TKM","","ALL","2000","95.79"
"TKM","","ALL","2001","87.56"
"TKM","","ALL","2002","84.3"
"TKM","","ALL","2003","81.11"
"TKM","","ALL","2004","81.17"
"TKM","","ALL","2005","79.79"
"TKM","","ALL","2006","78.37"
"TKM","","ALL","2007","81.39"
"TKM","","ALL","2008","78.18"
"TKM","","ALL","2009","91.03"
"TKM","","ALL","2010","100.38"
"TKM","","ALL","2011","94.72"
"TKM","","ALL","2012","92.33"
"TKM","","ALL","2013","89.57"
"TUR","","ALL","2009","118.61"
"TUR","","ALL","2010","122.38"
"TUR","","ALL","2011","124.58"
"TUR","","ALL","2012","123.98"
"TUR","","ALL","2013","132.02"
"TUR","","ALL","2014","130.32"
"TUR","","ALL","2015","127.26"
"TUR","","ALL","2016","126.78"
"TUR","","ALL","2017","123.57"
"TUR","","ALL","2018","119.79"
"TUR","","ALL","2019","111.91"
"UKR","","ALL","1981","154.21"
"UKR","","ALL","1982","157.26"
"UKR","","ALL","1985","164.29"
"UKR","","ALL","1986","170.01"
"UKR","","ALL","1987","174.66"
"UKR","","ALL","1988","178.41"
"UKR","","ALL","1989","182.34"
"UKR","","ALL","1990","184.4"
"UKR","","ALL","1991","188.43"
"UKR","","ALL","1992","188.13"
"UKR","","ALL","1993","185.3"
"UKR","","ALL","1994","185.52"
"UKR","","ALL","1995","182.61"
"UKR","","ALL","1996","176.77"
"UKR","","ALL","1997","174.21"
"UKR","","ALL","1998","173.31"
"UKR","","ALL","1999","174.39"
"UKR","","ALL","2000","173.15"
"UKR","","ALL","2001","169"
"UKR","","ALL","2002","166.9"
"UKR","","ALL","2003","164.25"
"UKR","","ALL","2004","162.67"
"UKR","","ALL","2005","162.47"
"UKR","","ALL","2006","159.87"
"UKR","","ALL","2007","158.85"
"UKR","","ALL","2008","157.28"
"UKR","","ALL","2009","156.61"
"UKR","","ALL","2010","156.39"
"UKR","","ALL","2011","155.87"
"UKR","","ALL","2012","161.32"
"UKR","","ALL","2014","152.99"
"UKR","","ALL","2015","144.59"
"UKR","","ALL","2017","140.22"
"UKR","","ALL","2018","139.2"
"UKR","","ALL","2019","137.45"
"UZB","","ALL","1981","116.02"
"UZB","","ALL","1982","118.96"
"UZB","","ALL","1985","119.97"
"UZB","","ALL","1986","129.87"
"UZB","","ALL","1987","131.79"
"UZB","","ALL","1988","124.95"
"UZB","","ALL","1989","122.76"
"UZB","","ALL","1990","119.18"
"UZB","","ALL","1991","118.11"
"UZB","","ALL","1992","111.44"
"UZB","","ALL","1993","106.9"
"UZB","","ALL","1994","100.13"
"UZB","","ALL","1995","96.83"
"UZB","","ALL","1996","95.14"
"UZB","","ALL","1997","87.66"
"UZB","","ALL","1998","86.69"
"UZB","","ALL","1999","85.23"
"UZB","","ALL","2000","84.68"
"UZB","","ALL","2001","80.46"
"UZB","","ALL","2002","79.4"
"UZB","","ALL","2003","78.72"
"UZB","","ALL","2004","76.54"
"UZB","","ALL","2005","77.38"
"UZB","","ALL","2009","70.7"
"UZB","","ALL","2010","69.03"
"UZB","","ALL","2011","71.18"
"UZB","","ALL","2012","69.62"
"UZB","","ALL","2013","69.46"
"UZB","","ALL","2014","72.03"
"UZB","","ALL","2015","75.12"
"UZB","","ALL","2016","77.52"
"","WESTERN_BALKANS","ALL","1998","163.07"
"","WESTERN_BALKANS","ALL","1999","163.08"
"","WESTERN_BALKANS","ALL","2000","166.99"
"","WESTERN_BALKANS","ALL","2001","161.22"
"","WESTERN_BALKANS","ALL","2002","165.68"
"","WESTERN_BALKANS","ALL","2003","168.36"
"","WESTERN_BALKANS","ALL","2004","167.39"
"","WESTERN_BALKANS","ALL","2005","167.53"
"","WESTERN_BALKANS","ALL","2006","169.3"
"","WESTERN_BALKANS","ALL","2007","166.88"
"","WESTERN_BALKANS","ALL","2008","167.95"
"","WESTERN_BALKANS","ALL","2009","168.31"
"","WESTERN_BALKANS","ALL","2011","164.12"
"","WESTERN_BALKANS","ALL","2016","167.16"
"","WESTERN_BALKANS","ALL","2017","163.72"
"","WESTERN_BALKANS","ALL","2019","158.92"
"","WESTERN_BALKANS","ALL","2021","151.42"
"","WHO_EURO","ALL","1980","193.77"
"","WHO_EURO","ALL","1981","185.84"
"","WHO_EURO","ALL","1982","186.95"
"","WHO_EURO","ALL","1983","188.74"
"","WHO_EURO","ALL","1984","189.53"
"","WHO_EURO","ALL","1985","189.91"
"","WHO_EURO","ALL","1986","191.72"
"","WHO_EURO","ALL","1987","192.77"
"","WHO_EURO","ALL","1988","194.26"
"","WHO_EURO","ALL","1989","194.09"
"","WHO_EURO","ALL","1990","193.56"
"","WHO_EURO","ALL","1991","194.05"
"","WHO_EURO","ALL","1992","193.63"
"","WHO_EURO","ALL","1993","193.28"
"","WHO_EURO","ALL","1994","191.32"
"","WHO_EURO","ALL","1995","188.64"
"","WHO_EURO","ALL","1996","186.02"
"","WHO_EURO","ALL","1997","183.71"
"","WHO_EURO","ALL","1998","183.16"
"","WHO_EURO","ALL","1999","181.88"
"","WHO_EURO","ALL","2000","180.52"
"","WHO_EURO","ALL","2001","177.82"
"","WHO_EURO","ALL","2002","176.3"
"","WHO_EURO","ALL","2003","174.68"
"","WHO_EURO","ALL","2004","172.41"
"","WHO_EURO","ALL","2005","169.92"
"","WHO_EURO","ALL","2006","167.62"
"","WHO_EURO","ALL","2007","166.03"
"","WHO_EURO","ALL","2008","165.72"
"","WHO_EURO","ALL","2009","160.66"
"","WHO_EURO","ALL","2010","158.88"
"","WHO_EURO","ALL","2011","157.43"
"","WHO_EURO","ALL","2012","156.16"
"","WHO_EURO","ALL","2013","154.59"
"","WHO_EURO","ALL","2014","153.55"
"","WHO_EURO","ALL","2015","151.93"
"","WHO_EURO","ALL","2016","150.19"
"","WHO_EURO","ALL","2017","150.27"
"","WHO_EURO","ALL","2018","148.83"
"","WHO_EURO","ALL","2019","145.41"
"","WHO_EURO","ALL","2020","144.62"

"Last update","2025.10.21 09:54:50 GMT"
"Description","Malignant neoplasms, all ages, per 100 000, by sex (age-standardized death rate)"
"Reference link","https://dw.euro.who.int/api/v3/measures/HFA_128?lang=En"

"Copyright"
"© WHO Regional Office for Europe 2025. All rights reserved.","https://www.who.int/about/policies/publishing/copyright"
